
 *------------------------------------------------------------------------------------* 
 |                                                                                    | 
 |  *------------------------------------------------------------------------------*  | 
 |  |                                                                              |  | 
 |  |                                                                              |  | 
 |  |   PPP   Y   Y  TTTTT  H   H  III    A      Welcome to the Lund Monte Carlo!  |  | 
 |  |   P  P   Y Y     T    H   H   I    A A     This is PYTHIA version 8.315      |  | 
 |  |   PPP     Y      T    HHHHH   I   AAAAA    Last date of change: 27 May 2025  |  | 
 |  |   P       Y      T    H   H   I   A   A                                      |  | 
 |  |   P       Y      T    H   H  III  A   A    Now is 05 Oct 2026 at 03:53:45    |  | 
 |  |                                                                              |  | 
 |  |   Program documentation and an archive of historic versions is found on:     |  | 
 |  |                                                                              |  | 
 |  |                               https://pythia.org/                            |  | 
 |  |                                                                              |  | 
 |  |   PYTHIA is authored by a collaboration consisting of:                       |  | 
 |  |                                                                              |  | 
 |  |   Javira Altmann, Christian Bierlich, Naomi Cooke, Nishita Desai,            |  | 
 |  |   Ilkka Helenius, Philip Ilten, Leif Lonnblad, Stephen Mrenna,               |  | 
 |  |   Christian Preuss, Torbjorn Sjostrand, and Peter Skands.                    |  | 
 |  |                                                                              |  | 
 |  |   The complete list of authors, including contact information and            |  | 
 |  |   affiliations, can be found on https://pythia.org/.                         |  | 
 |  |   Problems or bugs should be reported on email at authors@pythia.org.        |  | 
 |  |                                                                              |  | 
 |  |   The main program reference is C. Bierlich et al,                           |  | 
 |  |   'A comprehensive guide to the physics and usage of Pythia 8.3',            |  | 
 |  |   SciPost Phys. Codebases 8-r8.3 (2022) [arXiv:2203.11601 [hep-ph]]          |  | 
 |  |                                                                              |  | 
 |  |   PYTHIA is released under the GNU General Public Licence version 2          |  | 
 |  |   or later. Please respect the MCnet Guidelines for Generator Authors        |  | 
 |  |   and Users.                                                                 |  | 
 |  |                                                                              |  | 
 |  |   Disclaimer: this program comes without any guarantees.                     |  | 
 |  |   Beware of errors and use common sense when interpreting results.           |  | 
 |  |                                                                              |  | 
 |  |   Copyright (C) 2025 Torbjorn Sjostrand                                      |  | 
 |  |                                                                              |  | 
 |  |                                                                              |  | 
 |  *------------------------------------------------------------------------------*  | 
 |                                                                                    | 
 *------------------------------------------------------------------------------------* 


 *-------  PYTHIA Process Initialization  --------------------------*
 |                                                                  |
 | We collide p+ with p+ at a CM energy of 1.300e+04 GeV            |
 |                                                                  |
 |------------------------------------------------------------------|
 |                                                    |             |
 | Subprocess                                    Code |   Estimated |
 |                                                    |    max (mb) |
 |                                                    |             |
 |------------------------------------------------------------------|
 |                                                    |             |
 | g g -> t tbar                                  601 |   7.626e-06 |
 | q qbar -> t tbar                               602 |   9.738e-07 |
 |                                                                  |
 *-------  End PYTHIA Process Initialization -----------------------*

 *-------  PYTHIA Multiparton Interactions Initialization  ---------* 
 |                                                                  | 
 |                   sigmaNonDiffractive =    56.42 mb              | 
 |                                                                  | 
 |    pT0 =  2.60 gives sigmaInteraction =   317.86 mb: accepted    | 
 |                                                                  | 
 *-------  End PYTHIA Multiparton Interactions Initialization  -----* 

 *-------  PYTHIA Flag + Mode + Parm + Word + FVec + MVec + PVec + WVec Settings (changes only)  ------------------* 
 |                                                                                                                 | 
 | Name                                          |                      Now |      Default         Min         Max | 
 |                                               |                          |                                      | 
 | Beams:eCM                                     |                13000.000 |    14000.000         0.0             | 
 | StringZ:useOldAExtra                          |                       on |          off                         | 
 | Top:gg2ttbar                                  |                       on |          off                         | 
 | Top:qqbar2ttbar                               |                       on |          off                         | 
 |                                                                                                                 | 
 *-------  End PYTHIA Flag + Mode + Parm + Word + FVec + MVec + PVec + WVec Settings  -----------------------------* 

 --------  PYTHIA Particle Data Table (changed only)  ------------------------------------------------------------------------------
 
      id   name            antiName         spn chg col      m0        mWidth      mMin       mMax       tau0    res dec ext vis wid
             no onMode   bRatio   meMode     products 

 no particle data has been changed from its default value 

 --------  End PYTHIA Particle Data Table  -----------------------------------------------------------------------------------------


 --------  PYTHIA Info Listing  ---------------------------------------- 
 
 Beam A: id =   2212, pz =  6.500e+03, e =  6.500e+03, m =  9.383e-01.
 Beam B: id =   2212, pz = -6.500e+03, e =  6.500e+03, m =  9.383e-01.

 In 1: id =   21, x =  5.197e-03, pdf =  1.306e+01 at Q2 =  3.290e+04.
 In 2: id =   21, x =  1.725e-01, pdf =  3.568e-01 at same Q2.

 Subprocess g g -> t tbar with code 601 is 2 -> 2.
 It has sHat =  1.515e+05,    tHat = -2.261e+04,    uHat = -7.012e+04,
       pTHat =  6.908e+01,   m3Hat =  1.751e+02,   m4Hat =  1.677e+02,
    thetaHat =  8.472e-01,  phiHat =  5.374e+00.
     alphaEM =  7.881e-03,  alphaS =  1.170e-01    at Q2 =  3.414e+04.

 Impact parameter b =  2.207e-01 gives enhancement factor =  3.722e+00.
 Max pT scale for MPI =  1.300e+04, ISR =  1.300e+04, FSR =  1.300e+04.
 Number of MPI =    15, ISR =    34, FSRproc =   148, FSRreson =    13.

 --------  End PYTHIA Info Listing  ------------------------------------

 --------  PYTHIA Event Listing  (hard process)  -----------------------------------------------------------------------------------
 
    no         id  name            status     mothers   daughters     colours      p_x        p_y        p_z         e          m 
     0         90  (system)           -11     0     0     0     0     0     0      0.000      0.000      0.000  13000.000  13000.000
     1       2212  (p+)               -12     0     0     3     0     0     0      0.000      0.000   6500.000   6500.000      0.938
     2       2212  (p+)               -12     0     0     4     0     0     0      0.000      0.000  -6500.000   6500.000      0.938
     3         21  (g)                -21     1     0     5     6   101   102      0.000      0.000     33.778     33.778      0.000
     4         21  (g)                -21     2     0     5     6   103   101      0.000      0.000  -1121.372   1121.372      0.000
     5          6  (t)                -22     3     4     7     8   103     0     42.419    -54.522   -371.704    416.637    175.071
     6         -6  (tbar)             -22     3     4     9    10     0   102    -42.419     54.522   -715.889    738.514    167.729
     7         24  (W+)               -22     5     0    11    12     0     0     23.438    -28.358   -373.484    383.910     80.890
     8          5  b                   23     5     0     0     0   103     0     18.981    -26.164      1.779     32.727      4.800
     9        -24  (W-)               -22     6     0    13    14     0     0    -40.570     37.069   -714.180    720.238     75.299
    10         -5  bbar                23     6     0     0     0     0   102     -1.848     17.453     -1.709     18.275      4.800
    11        -15  tau+                23     7     0     0     0     0     0    -28.627     -3.906   -170.240    172.684      1.777
    12         16  nu_tau              23     7     0     0     0     0     0     52.065    -24.451   -203.243    211.226      0.000
    13          3  s                   23     9     0     0     0   104     0    -15.897     55.835   -557.444    560.459      0.500
    14         -4  cbar                23     9     0     0     0     0   104    -24.674    -18.766   -156.736    159.779      1.500
                                   Charge sum:  0.000           Momentum sum:      0.000     -0.000  -1087.594   1155.150    389.245

 --------  End PYTHIA Event Listing  -----------------------------------------------------------------------------------------------

 --------  PYTHIA Event Listing  (complete event)  ---------------------------------------------------------------------------------
 
    no         id  name            status     mothers   daughters     colours      p_x        p_y        p_z         e          m 
     0         90  (system)           -11     0     0     0     0     0     0      0.000      0.000      0.000  13000.000  13000.000
     1       2212  (p+)               -12     0     0   745     0     0     0      0.000      0.000   6500.000   6500.000      0.938
     2       2212  (p+)               -12     0     0   746     0     0     0      0.000      0.000  -6500.000   6500.000      0.938
     3         21  (g)                -21     7     0     5     6   101   102      0.000      0.000     33.778     33.778      0.000
     4         21  (g)                -21     8     8     5     6   103   101      0.000      0.000  -1121.372   1121.372      0.000
     5          6  (t)                -22     3     4     9     9   103     0     42.419    -54.522   -371.704    416.637    175.071
     6         -6  (tbar)             -22     3     4    10    10     0   102    -42.419     54.522   -715.889    738.514    167.729
     7         21  (g)                -41    12    12    11     3   101   105      0.000      0.000   1748.084   1748.084      0.000
     8         21  (g)                -42    13     0     4     4   103   101     -0.000     -0.000  -1121.372   1121.372      0.000
     9          6  (t)                -44     5     5    14    14   103     0     62.878    -52.107   -390.002    435.224    175.071
    10         -6  (tbar)             -44     6     6    15    15     0   102    -32.117     55.738   -697.234    720.004    167.729
    11         21  (g)                -43     7     0    16    16   102   105    -30.760     -3.630   1713.948   1714.228      0.000
    12         21  (g)                -42    95    95     7     7   101   105      0.000     -0.000   1748.084   1748.084      0.000
    13         21  (g)                -41    96     0    17     8   103   107     -0.000      0.000  -1129.953   1129.953      0.000
    14          6  (t)                -44     9     9    97    97   103     0     61.625    -52.066   -393.340    438.035    175.071
    15         -6  (tbar)             -44    10    10    59    59     0   102    -34.268     55.808   -702.546    725.253    167.729
    16         21  (g)                -44    11    11    57    58   102   105    -30.761     -3.630   1701.314   1701.596      0.000
    17         21  (g)                -43    13     0   100   100   101   107      3.404     -0.112     12.703     13.152      0.000
    18         21  (g)                -31    22    22    20    21   108   109      0.000      0.000      2.195      2.195      0.000
    19         21  (g)                -31    23     0    20    21   110   111      0.000      0.000   -112.089    112.089      0.000
    20         21  (g)                -33    18    19    24    24   108   111      8.515     -2.279   -102.214    102.593      0.000
    21         21  (g)                -33    18    19    25    25   110   109     -8.515      2.279     -7.680     11.691      0.000
    22         21  (g)                -42    27     0    18    18   108   109      0.000     -0.000      2.195      2.195      0.000
    23         21  (g)                -41    28    28    26    19   112   111     -0.000      0.000   -155.295    155.295      0.000
    24         21  (g)                -44    20    20    29    29   108   111     11.288     -6.014   -124.428    125.084      0.000
    25         21  (g)                -44    21    21    30    30   110   109     -8.253      1.926    -10.278     13.321      0.000
    26         21  (g)                -43    23     0    31    31   112   110     -3.036      4.088    -18.394     19.085      0.000
    27         21  (g)                -41    33     0    32    22   108   114      0.000     -0.000     19.003     19.003      0.000
    28         21  (g)                -42    34    34    23    23   112   111     -0.000      0.000   -155.295    155.295      0.000
    29         21  (g)                -44    24    24    35    35   108   111     11.611     -7.007   -134.427    135.109      0.000
    30         21  (g)                -44    25    25    36    36   110   109     -6.752     -2.681     -6.749      9.916      0.000
    31         21  (g)                -44    26    26    37    37   112   110     -2.694      3.041    -11.104     11.824      0.000
    32         21  (g)                -43    27     0    38    38   109   114     -2.165      6.647     15.987     17.449      0.000
    33         21  (g)                -41    40    40    39    27   108   115      0.000      0.000     45.847     45.847      0.000
    34         21  (g)                -42    41     0    28    28   112   111      0.000      0.000   -155.295    155.295      0.000
    35         21  (g)                -44    29    29    42    42   108   111     11.531     -6.913   -131.202    131.889      0.000
    36         21  (g)                -44    30    30    43    43   110   109     -7.125     -2.245     -7.154     10.343      0.000
    37         21  (g)                -44    31    31    44    44   112   110     -2.779      3.140    -11.765     12.490      0.000
    38         21  (g)                -44    32    32    45    45   109   114     -6.095     11.247     14.403     19.263      0.000
    39         21  (g)                -43    33     0    46    46   114   115      4.467     -5.229     26.270     27.156      0.000
    40         21  (g)                -42   304   304    33    33   108   115      0.000     -0.000     45.847     45.847      0.000
    41         21  (g)                -41   292   292    47    34   112   116     -0.000      0.000  -1287.745   1287.745      0.000
    42         21  (g)                -44    35    35   472   473   108   111      6.413     -5.763   -131.606    131.888      0.000
    43         21  (g)                -44    36    36   120   121   110   109     -7.465     -2.169     -7.038     10.486      0.000
    44         21  (g)                -44    37    37   122   122   112   110     -3.251      3.246    -11.712     12.580      0.000
    45         21  (g)                -44    38    38   154   155   109   114     -6.190     11.268     14.542     19.410      0.000
    46         21  (g)                -44    39    39   245   246   114   115      4.450     -5.225     26.119     27.006      0.000
    47         21  (g)                -43    41     0   788   788   111   116      6.043     -1.358  -1132.203   1132.220      0.000
    48         21  (g)                -31    52     0    50    51   118   117      0.000      0.000      9.431      9.431      0.000
    49         21  (g)                -31    53    53    50    51   119   118      0.000      0.000    -30.175     30.175      0.000
    50         21  (g)                -33    48    49    54    54   120   117      2.011     -5.794      8.076     10.141      0.000
    51         21  (g)                -33    48    49    55    55   119   120     -2.011      5.794    -28.820     29.466      0.000
    52         21  (g)                -41    69     0    56    48   118   121     -0.000      0.000     28.075     28.075      0.000
    53         21  (g)                -42    70    70    49    49   119   118      0.000      0.000    -30.175     30.175      0.000
    54         21  (g)                -44    50    50    71    71   120   117      6.235     -9.369      6.184     12.841      0.000
    55         21  (g)                -44    51    51    72    72   119   120     -1.862      5.667    -26.060     26.733      0.000
    56         21  (g)                -43    52     0    73    73   117   121     -4.373      3.702     17.775     18.675      0.000
    57         21  (g)                -51    16     0    77    77   122   105    -32.224     -2.470   1700.801   1701.108      0.000
    58         21  (g)                -51    16     0    75    76   102   122      1.389     -1.038     -1.076      2.040      0.000
    59         -6  (tbar)             -52    15    15    98    98     0   102    -34.194     55.686   -700.957    723.701    167.729
    60         21  (g)                -31    64    64    62    63   124   123      0.000      0.000      3.375      3.375      0.000
    61         21  (g)                -31    65     0    62    63   126   125      0.000      0.000   -600.700    600.700      0.000
    62         21  (g)                -33    60    61    66    66   126   123     -0.331      4.855   -598.931    598.951      0.000
    63         21  (g)                -33    60    61    67    67   124   125      0.331     -4.855      1.606      5.124      0.000
    64         21  (g)                -42    78     0    60    60   124   123     -0.000     -0.000      3.375      3.375      0.000
    65         21  (g)                -41    79    79    68    61   126   127      0.000      0.000   -838.531    838.531      0.000
    66         21  (g)                -44    62    62    80    80   126   123      3.436      7.633   -604.797    604.855      0.000
    67         21  (g)                -44    63    63    81    81   124   125      0.342     -4.847      1.546      5.099      0.000
    68         21  (g)                -43    65     0    82    82   125   127     -3.778     -2.786   -231.905    231.952      0.000
    69         21  (g)                -41   201   201    74    52   128   121      0.000     -0.000     43.369     43.369      0.000
    70         21  (g)                -42   264     0    53    53   119   118      0.000     -0.000    -30.175     30.175      0.000
    71         21  (g)                -44    54    54   189   190   120   117      4.888     -8.834      7.025     12.300      0.000
    72         21  (g)                -44    55    55   191   191   119   120     -1.909      5.686    -25.933     26.618      0.000
    73         21  (g)                -44    56    56   199   200   117   121     -6.952      4.727     17.558     19.467      0.000
    74         21  (g)                -43    69     0   208   209   128   118      3.973     -1.579     14.544     15.159      0.000
    75         21  (g)                -51    58     0   101   101   102   129      1.325     -4.021     20.662     21.091      0.000
    76         21  (g)                -51    58     0   102   102   129   122     -0.353      2.951      0.296      2.987      0.000
    77         21  (g)                -52    57    57    99    99   122   105    -31.806     -2.438   1678.767   1679.070      0.000
    78         21  (g)                -41   110     0    83    64   130   123     -0.000      0.000      6.960      6.960      0.000
    79         21  (g)                -42   111   111    65    65   126   127      0.000      0.000   -838.531    838.531      0.000
    80         21  (g)                -44    66    66   112   112   126   123      3.472      7.630   -604.748    604.806      0.000
    81         21  (g)                -44    67    67   113   113   124   125      4.457     -5.160     -0.155      6.820      0.000
    82         21  (g)                -44    68    68   114   114   125   127     -3.749     -2.789   -229.014    229.062      0.000
    83         21  (g)                -43    78     0   115   115   130   124     -4.179      0.319      2.346      4.803      0.000
    84          2  (u)                -31   139     0    86    87   131     0      0.000      0.000     99.019     99.019      0.000
    85         -1  (dbar)             -31   140   140    86    87     0   131      0.000      0.000    -12.583     12.583      0.000
    86          2  (u)                -33    84    85   107   108   132     0     -3.277      2.525     98.632     98.720      0.330
    87         -1  (dbar)             -33    84    85   109   109     0   132      3.277     -2.525    -12.196     12.882      0.330
    88          1  (d)                -31   312   312    90    91   133     0      0.000      0.000    443.430    443.430      0.000
    89         21  (g)                -31   313     0    90    91   134   133      0.000      0.000     -0.327      0.327      0.000
    90          1  (d)                -33    88    89    92    93   135     0     -2.997     -2.769    430.313    430.333      0.330
    91         21  (g)                -33    88    89    94    94   134   135      2.997      2.769     12.789     13.424      0.000
    92          1  (d)                -51    90     0   314   314   136     0      0.599     -4.523    322.878    322.910      0.330
    93         21  (g)                -51    90     0   316   316   135   136     -3.215      2.105    109.059    109.126      0.000
    94         21  (g)                -52    91    91   315   315   134   135      2.617      2.418     11.166     11.720      0.000
    95         21  (g)                -42   171   171    12    12   101   105      0.000     -0.000   1748.084   1748.084      0.000
    96         21  (g)                -41   172     0   103    13   103   137     -0.000      0.000  -1133.190   1133.190      0.000
    97          6  (t)                -44    14    14   173   173   103     0     62.154    -53.194   -393.519    438.406    175.071
    98         -6  (tbar)             -44    59    59   119   119     0   102    -33.288     53.752   -701.530    724.068    167.729
    99         21  (g)                -44    77    77   104   105   122   105    -31.806     -2.438   1677.642   1677.945      0.000
   100         21  (g)                -44    17    17   176   176   101   107      3.404     -0.113     12.697     13.146      0.000
   101         21  (g)                -44    75    75   117   118   102   129      1.325     -4.022     20.654     21.084      0.000
   102         21  (g)                -44    76    76   106   106   129   122     -0.352      2.948      0.290      2.983      0.000
   103         21  (g)                -43    96     0   179   179   107   137     -1.437      3.067     -1.341      3.643      0.000
   104         21  (g)                -51    99     0   175   175   138   105    -31.449     -4.127   1501.247   1501.583      0.000
   105         21  (g)                -51    99     0   180   180   122   138     -0.362      1.733    176.399    176.408      0.000
   106         21  (g)                -52   102   102   178   178   129   122     -0.346      2.903      0.286      2.938      0.000
   107          2  (u)                -51    86     0   141   141   139     0     -0.366     -0.043     85.227     85.228      0.330
   108         21  (g)                -51    86     0   143   143   132   139     -2.852      2.522     13.185     13.724      0.000
   109         -1  (dbar)             -52    87    87   142   142     0   132      3.218     -2.479    -11.975     12.650      0.330
   110         21  (g)                -41   145     0   116    78   140   123      0.000     -0.000     12.761     12.761      0.000
   111         21  (g)                -42   146   146    79    79   126   127      0.000      0.000   -838.531    838.531      0.000
   112         21  (g)                -44    80    80   147   147   126   123      3.486      7.633   -605.223    605.281      0.000
   113         21  (g)                -44    81    81   127   128   124   125      6.074     -4.899     -1.227      7.899      0.000
   114         21  (g)                -44    82    82   129   129   125   127     -3.737     -2.787   -227.744    227.792      0.000
   115         21  (g)                -44    83    83   150   150   130   124     -2.444      0.599      3.136      4.021      0.000
   116         21  (g)                -43   110     0   151   151   140   130     -3.379     -0.546      5.288      6.299      0.000
   117         -3  (sbar)             -51   101     0   177   177     0   129      0.361      3.199     -2.065      3.857      0.500
   118          3  (s)                -51   101     0   181   181   102     0      0.801     -6.949     19.317     20.550      0.500
   119         -6  (tbar)             -52    98    98   174   174     0   102    -33.125     53.481   -698.128    720.744    167.729
   120         21  (g)                -51    43     0   156   156   141   109     -9.506     -1.756    -14.062     17.064      0.000
   121         21  (g)                -51    43     0   369   369   110   141     -0.218      1.842     -1.114      2.164      0.000
   122         21  (g)                -52    44    44   290   291   112   110     -0.992      0.990     -3.574      3.839      0.000
   123         21  (g)                -31   134   134   125   126   142   143      0.000      0.000   1488.377   1488.377      0.000
   124         21  (g)                -31   135     0   125   126   144   145      0.000      0.000     -0.009      0.009      0.000
   125         21  (g)                -33   123   124   136   136   142   145     -0.534     -3.221    386.586    386.600      0.000
   126         21  (g)                -33   123   124   137   137   144   143      0.534      3.221   1101.782   1101.787      0.000
   127         21  (g)                -51   113     0   148   148   124   146      7.655     -2.980     -4.290      9.268      0.000
   128         21  (g)                -51   113     0   152   152   146   125     -1.650     -1.970     -1.098      2.794      0.000
   129         21  (g)                -52   114   114   149   149   125   127     -3.669     -2.736   -223.583    223.629      0.000
   130          1  (d)                -31   398   398   132   133   147     0      0.000      0.000     37.598     37.598      0.000
   131         21  (g)                -31   399     0   132   133   148   149      0.000      0.000     -0.801      0.801      0.000
   132          1  (d)                -33   130   131   400   400   148     0     -1.755      2.687     33.969     34.122      0.330
   133         21  (g)                -33   130   131   401   401   147   149      1.755     -2.687      2.828      4.278      0.000
   134         21  (g)                -42   202   202   123   123   142   143      0.000      0.000   1488.377   1488.377      0.000
   135         21  (g)                -41   203     0   138   124   144   150     -0.000      0.000     -0.032      0.032      0.000
   136         21  (g)                -44   125   125   204   204   142   145     -0.855     -1.014     50.638     50.655      0.000
   137         21  (g)                -44   126   126   205   205   144   143      0.421      3.996   1324.418   1324.424      0.000
   138         21  (g)                -43   135     0   206   206   145   150      0.435     -2.982    113.289    113.329      0.000
   139          2  (u)                -41   214     0   144    84   151     0      0.000      0.000    107.118    107.118      0.000
   140         -1  (dbar)             -42   215   215    85    85     0   131      0.000     -0.000    -12.583     12.583      0.000
   141          2  (u)                -44   107   107   216   216   139     0      1.436     -1.316     87.363     87.386      0.330
   142         -1  (dbar)             -44   109   109   217   217     0   132      3.225     -2.484    -11.715     12.407      0.330
   143         21  (g)                -44   108   108   218   218   132   139     -2.567      2.321     13.577     14.011      0.000
   144         21  (g)                -43   139     0   219   219   151   131     -2.094      1.478      5.311      5.897      0.000
   145         21  (g)                -41   406     0   153   110   152   123      0.000     -0.000     17.953     17.953      0.000
   146         21  (g)                -42   198   198   111   111   126   127     -0.000      0.000   -838.531    838.531      0.000
   147         21  (g)                -44   112   112   196   197   126   123      3.482      7.638   -605.263    605.321      0.000
   148         21  (g)                -44   127   127   185   185   124   146      7.314     -2.533     -3.524      8.505      0.000
   149         21  (g)                -44   129   129   213   213   125   127     -3.672     -2.732   -223.438    223.485      0.000
   150         21  (g)                -44   115   115   183   184   130   124     -2.934      1.243      2.872      4.290      0.000
   151         21  (g)                -44   116   116   412   412   140   130     -4.173      0.496      5.036      6.559      0.000
   152         21  (g)                -44   128   128   211   212   146   125     -1.766     -1.817     -1.043      2.740      0.000
   153         21  (g)                -43   145     0   414   414   152   140      1.749     -2.295      4.782      5.585      0.000
   154         21  (g)                -51    45     0   247   247   153   114     -4.611      8.565      6.460     11.677      0.000
   155         21  (g)                -51    45     0   167   167   109   153     -1.888      2.646      7.624      8.288      0.000
   156         21  (g)                -52   120   120   165   166   141   109     -9.197     -1.699    -13.604     16.509      0.000
   157         21  (g)                -31   326   326   159   160   155   154      0.000      0.000     37.818     37.818      0.000
   158         21  (g)                -31   361     0   159   160   156   155      0.000      0.000     -0.782      0.782      0.000
   159         21  (g)                -33   157   158   225   226   157   154      1.747      2.135     35.150     35.258      0.000
   160         21  (g)                -33   157   158   227   227   156   157     -1.747     -2.135      1.886      3.342      0.000
   161         21  (g)                -31   231     0   163   164   159   158      0.000      0.000      3.126      3.126      0.000
   162         21  (g)                -31   232   232   163   164   158   160      0.000      0.000    -21.774     21.774      0.000
   163         21  (g)                -33   161   162   233   233   161   160     -0.272      2.729    -21.066     21.244      0.000
   164         21  (g)                -33   161   162   234   234   159   161      0.272     -2.729      2.418      3.656      0.000
   165         21  (g)                -51   156     0   367   368   141   162     -4.343     -2.686     -3.295      6.077      0.000
   166         21  (g)                -51   156     0   168   169   162   109     -4.989      1.178     -9.762     11.026      0.000
   167         21  (g)                -52   155   155   170   170   109   153     -1.753      2.456      7.077      7.693      0.000
   168         21  (g)                -51   166     0   442   443   162   164     -0.595     -1.734     -2.866      3.402      0.000
   169         21  (g)                -51   166     0   444   444   164   109     -4.557      3.140     -6.238      8.339      0.000
   170         21  (g)                -52   167   167   507   507   109   153     -1.590      2.228      6.419      6.978      0.000
   171         21  (g)                -42   606   606    95    95   101   105      0.000     -0.000   1748.084   1748.084      0.000
   172         21  (g)                -41   397   397   182    96   165   137     -0.000      0.000  -1601.134   1601.134      0.000
   173          6  (t)                -44    97    97   376   376   103     0     61.408    -52.720   -393.606    438.321    175.071
   174         -6  (tbar)             -44   119   119   188   188     0   102    -34.397     54.290   -698.068    720.807    167.729
   175         21  (g)                -44   104   104   305   306   138   105    -31.450     -4.127   1501.270   1501.605      0.000
   176         21  (g)                -44   100   100   241   241   101   107      3.404     -0.112     12.694     13.143      0.000
   177         -3  (sbar)             -44   117   117   751   751     0   129      0.356      3.203     -2.063      3.859      0.500
   178         21  (g)                -44   106   106   318   319   129   122     -0.349      2.905      0.288      2.940      0.000
   179         21  (g)                -44   103   103   239   240   107   137     -1.441      3.070     -1.338      3.646      0.000
   180         21  (g)                -44   105   105   307   307   122   138     -0.362      1.733    176.400    176.409      0.000
   181          3  (s)                -44   118   118   186   187   102     0      0.800     -6.949     19.312     20.546      0.500
   182         21  (g)                -43   172     0   374   375   165   103      2.032     -1.293   -467.937    467.944      0.000
   183         21  (g)                -51   150     0   411   411   130   166     -0.102      0.521      3.524      3.564      0.000
   184         21  (g)                -51   150     0   415   415   166   124     -1.664      0.317     -1.215      2.085      0.000
   185         21  (g)                -52   148   148   409   409   124   146      6.146     -2.128     -2.961      7.146      0.000
   186          3  (s)                -51   181     0   275   275   167     0      1.022     -8.442     18.718     20.566      0.500
   187         21  (g)                -51   181     0   273   274   102   167     -0.421      1.839     -3.461      3.942      0.000
   188         -6  (tbar)             -52   174   174   748   748     0   102    -34.198     53.945   -694.013    716.845    167.729
   189         21  (g)                -51    71     0   265   265   168   117      6.171     -7.085      6.123     11.215      0.000
   190         21  (g)                -51    71     0   269   269   120   168     -1.352     -1.543     -0.039      2.052      0.000
   191         21  (g)                -52    72    72   266   266   119   120     -1.840      5.479    -24.992     25.652      0.000
   192         21  (g)                -31   258     0   194   195   169   170      0.000      0.000      2.123      2.123      0.000
   193         21  (g)                -31   259   259   194   195   171   172      0.000      0.000    -17.118     17.118      0.000
   194         21  (g)                -33   192   193   260   260   169   172     -1.884      0.974    -16.503     16.638      0.000
   195         21  (g)                -33   192   193   261   261   171   170      1.884     -0.974      1.508      2.603      0.000
   196         21  (g)                -51   147     0   408   408   173   123     -0.313      4.276   -368.839    368.864      0.000
   197         21  (g)                -51   147     0   228   229   126   173      3.795      3.362   -386.036    386.069      0.000
   198         21  (g)                -53   230   230   146   146   126   127      0.000      0.000   -988.143    988.143      0.000
   199         21  (g)                -51    73     0   267   267   117   174      0.561     -0.133      0.520      0.776      0.000
   200         21  (g)                -51    73     0   270   270   174   121     -7.513      4.860     23.393     25.046      0.000
   201         21  (g)                -53   210   210    69    69   128   121      0.000     -0.000     49.724     49.724      0.000
   202         21  (g)                -42   898   898   134   134   142   143      0.000     -0.000   1488.377   1488.377      0.000
   203         -2  (ubar)             -41   432   432   207   135     0   150     -0.000      0.000     -1.857      1.857      0.000
   204         21  (g)                -44   136   136   900   900   142   145     -0.657     -1.523     77.526     77.544      0.000
   205         21  (g)                -44   137   137   238   238   144   143      0.490      3.817   1189.465   1189.471      0.000
   206         21  (g)                -44   138   138   430   431   145   150      0.892     -4.157    220.791    220.832      0.000
   207         -2  (ubar)             -43   203     0   236   237     0   144     -0.726      1.863     -1.262      2.387      0.330
   208         21  (g)                -51    74     0   268   268   175   118      0.896     -1.610     20.830     20.911      0.000
   209         21  (g)                -51    74     0   271   271   128   175      3.077      0.031      8.597      9.131      0.000
   210         21  (g)                -53   263   263   201   201   128   121      0.000     -0.000     64.608     64.608      0.000
   211         21  (g)                -51   152     0   413   413   146   176      0.529     -1.178      0.003      1.291      0.000
   212         21  (g)                -51   152     0   299   300   176   125     -2.402     -0.719     -7.570      7.974      0.000
   213         21  (g)                -52   149   149   301   301   125   127     -3.565     -2.652   -216.914    216.959      0.000
   214          2  (u)                -41   869   869   220   139   177     0      0.000     -0.000    143.746    143.746      0.000
   215         -1  (dbar)             -42   870   870   140   140     0   131      0.000      0.000    -12.583     12.583      0.000
   216          2  (u)                -44   141   141   480   480   139     0      2.460     -2.508     87.577     87.648      0.330
   217         -1  (dbar)             -44   142   142   439   440     0   132      3.229     -2.489    -11.718     12.411      0.330
   218         21  (g)                -44   143   143   441   441   132   139     -2.406      2.133     13.644     14.018      0.000
   219         21  (g)                -44   144   144   493   494   151   131     -2.028      1.402      5.349      5.889      0.000
   220         21  (g)                -43   214     0   495   495   177   151     -1.255      1.461     36.311     36.362      0.000
   221         -1  (dbar)             -31   251     0   223   224     0   178      0.000      0.000    231.504    231.504      0.000
   222         21  (g)                -31   252   252   223   224   178   179      0.000      0.000     -1.904      1.904      0.000
   223         -1  (dbar)             -33   221   222   244   244     0   180     -1.930     -0.030    231.010    231.018      0.330
   224         21  (g)                -33   221   222   242   243   180   179      1.930      0.030     -1.409      2.390      0.000
   225         21  (g)                -51   159     0   324   325   181   154      2.294      2.760     29.823     30.038      0.000
   226         21  (g)                -51   159     0   364   364   157   181     -0.859     -1.005      5.663      5.815      0.000
   227         21  (g)                -52   160   160   363   363   156   157     -1.435     -1.755      1.550      2.746      0.000
   228         21  (g)                -51   197     0   416   416   182   173      4.376      2.392   -527.652    527.676      0.000
   229         21  (g)                -51   197     0   418   418   126   182     -0.582      0.970    -65.810     65.820      0.000
   230         21  (g)                -53   407   407   198   198   126   127      0.000      0.000  -1195.570   1195.570      0.000
   231         21  (g)                -41   377   377   235   161   183   158      0.000      0.000     18.252     18.252      0.000
   232         21  (g)                -42   378     0   162   162   158   160     -0.000     -0.000    -21.774     21.774      0.000
   233         21  (g)                -44   163   163   379   379   161   160     -0.265      2.779    -21.523     21.703      0.000
   234         21  (g)                -44   164   164   380   380   159   161      0.537     -1.022      2.972      3.188      0.000
   235         21  (g)                -43   231     0   381   381   183   159     -0.273     -1.758     15.029     15.134      0.000
   236         -2  (ubar)             -51   207     0   436   437     0   184      1.031      2.225     -0.472      2.519      0.330
   237         21  (g)                -51   207     0   383   384   184   144     -1.755     -0.353      2.109      2.767      0.000
   238         21  (g)                -52   205   205   385   385   144   143      0.489      3.808   1186.566   1186.572      0.000
   239         21  (g)                -51   179     0   395   396   185   137      1.492      0.927      0.421      1.806      0.000
   240         21  (g)                -51   179     0   566   567   107   185     -2.546      2.130     -0.315      3.334      0.000
   241         21  (g)                -52   176   176   568   568   101   107      3.016     -0.100     11.250     11.648      0.000
   242         21  (g)                -51   224     0   254   254   186   179      0.846      1.710     -0.368      1.943      0.000
   243         21  (g)                -51   224     0   248   249   180   186      1.070     -1.680      0.588      2.076      0.000
   244         -1  (dbar)             -52   223   223   250   250     0   180     -1.916     -0.030    229.381    229.389      0.330
   245         21  (g)                -51    46     0   302   303   187   115      4.605     -3.293     17.556     18.447      0.000
   246         21  (g)                -51    46     0   287   288   114   187     -0.300     -1.662      8.767      8.928      0.000
   247         21  (g)                -52   154   154   289   289   153   114     -4.465      8.295      6.256     11.308      0.000
   248         21  (g)                -51   243     0   255   255   188   186      1.284     -2.775      3.796      4.874      0.000
   249         21  (g)                -51   243     0   256   256   180   188     -0.252      1.095      1.331      1.742      0.000
   250         -1  (dbar)             -52   244   244   253   253     0   180     -1.878     -0.030    224.841    224.849      0.330
   251         -1  (dbar)             -41   327   327   257   221     0   189     -0.000      0.000    241.162    241.162      0.000
   252         21  (g)                -42   328     0   222   222   178   179      0.000     -0.000     -1.904      1.904      0.000
   253         -1  (dbar)             -44   250   250   329   329     0   180     -1.547     -0.348    233.443    233.448      0.330
   254         21  (g)                -44   242   242   330   330   186   179      0.847      1.709     -0.294      1.930      0.000
   255         21  (g)                -44   248   248   331   331   188   186      1.290     -2.781      3.979      5.023      0.000
   256         21  (g)                -44   249   249   332   332   180   188     -0.249      1.093      1.399      1.792      0.000
   257         21  (g)                -43   251     0   333   333   178   189     -0.341      0.328      0.732      0.872      0.000
   258         21  (g)                -41   541   541   262   192   169   190      0.000      0.000      6.940      6.940      0.000
   259         21  (g)                -42   542     0   193   193   171   172     -0.000     -0.000    -17.118     17.118      0.000
   260         21  (g)                -44   194   194   543   543   169   172     -1.909      0.928    -16.089     16.228      0.000
   261         21  (g)                -44   195   195   293   294   171   170      1.144     -2.368      1.291      2.930      0.000
   262         21  (g)                -43   258     0   295   295   170   190      0.765      1.440      4.621      4.900      0.000
   263         21  (g)                -42   276   276   210   210   128   121      0.000     -0.000     64.608     64.608      0.000
   264         21  (g)                -41   277     0   272    70   119   191     -0.000      0.000    -30.742     30.742      0.000
   265         21  (g)                -44   189   189   278   278   168   117      6.203     -7.085      5.967     11.148      0.000
   266         21  (g)                -44   191   191   279   279   119   120     -1.520      5.473    -25.457     26.083      0.000
   267         21  (g)                -44   199   199   280   280   117   174      0.562     -0.133      0.510      0.771      0.000
   268         21  (g)                -44   208   208   281   281   175   118      0.897     -1.610     20.472     20.555      0.000
   269         21  (g)                -44   190   190   282   282   120   168     -1.339     -1.544     -0.083      2.045      0.000
   270         21  (g)                -44   200   200   283   283   174   121     -7.503      4.860     22.910     24.593      0.000
   271         21  (g)                -44   209   209   284   284   128   175      3.080      0.031      8.458      9.001      0.000
   272         21  (g)                -43   264     0   285   285   118   191     -0.381      0.008      1.090      1.155      0.000
   273          1  (d)                -51   187     0   757   757   102     0      0.599      2.439     -2.546      3.591      0.330
   274         -1  (dbar)             -51   187     0   563   564     0   167     -0.964     -1.061      0.108      1.475      0.330
   275          3  (s)                -52   186   186   565   565   167     0      0.966     -7.981     17.695     19.442      0.500
   276         21  (g)                -42   615   615   263   263   128   121      0.000     -0.000     64.608     64.608      0.000
   277         21  (g)                -41   522   522   286   264   192   191     -0.000      0.000    -34.164     34.164      0.000
   278         21  (g)                -44   265   265   347   347   168   117      6.083     -7.040      5.731     10.928      0.000
   279         21  (g)                -44   266   266   435   435   119   120     -2.711      5.922    -25.436     26.257      0.000
   280         21  (g)                -44   267   267   296   297   117   174      0.556     -0.131      0.494      0.755      0.000
   281         21  (g)                -44   268   268   392   393   175   118      0.895     -1.609     20.376     20.459      0.000
   282         21  (g)                -44   269   269   345   346   120   168     -1.388     -1.525     -0.072      2.063      0.000
   283         21  (g)                -44   270   270   298   298   174   121     -7.542      4.875     23.053     24.740      0.000
   284         21  (g)                -44   271   271   394   394   128   175      3.068      0.035      8.360      8.906      0.000
   285         21  (g)                -44   272   272   825   825   118   191     -0.382      0.009      1.095      1.160      0.000
   286         21  (g)                -43   277     0   433   434   192   119      1.421     -0.536     -3.157      3.503      0.000
   287         21  (g)                -51   246     0   724   725   193   187      0.960     -0.459      7.051      7.130      0.000
   288         21  (g)                -51   246     0   462   462   114   193     -1.701     -0.385      2.333      2.913      0.000
   289         21  (g)                -52   247   247   460   461   153   114     -4.025      7.477      5.639     10.193      0.000
   290         21  (g)                -51   122     0   429   429   194   110     -1.919      0.821     -8.357      8.614      0.000
   291         21  (g)                -51   122     0   427   428   112   194      0.927      0.169    -52.691     52.699      0.000
   292         21  (g)                -53   675   675    41    41   112   116     -0.000      0.000  -1345.219   1345.219      0.000
   293         21  (g)                -51   261     0   544   544   171   195      1.680     -0.754      0.339      1.872      0.000
   294         21  (g)                -51   261     0   546   546   195   170     -0.244     -1.066      2.710      2.923      0.000
   295         21  (g)                -52   262   262   545   545   170   190      0.474      0.892      2.862      3.035      0.000
   296         21  (g)                -51   280     0   344   344   117   196     -0.616     -0.806      1.460      1.778      0.000
   297         21  (g)                -51   280     0   342   343   196   174     -1.399      2.338      6.896      7.415      0.000
   298         21  (g)                -52   283   283   569   570   174   121     -4.969      3.212     15.191     16.302      0.000
   299         21  (g)                -51   212     0   417   417   176   197     -1.341     -0.935     -3.428      3.798      0.000
   300         21  (g)                -51   212     0   419   419   197   125     -1.416     -0.049    -25.770     25.809      0.000
   301         21  (g)                -52   213   213   410   410   125   127     -3.210     -2.388   -195.286    195.327      0.000
   302         21  (g)                -51   245     0   666   666   187   198      3.110     -2.954     11.138     11.935      0.000
   303         21  (g)                -51   245     0   664   665   198   115      1.495     -0.339     12.616     12.709      0.000
   304         21  (g)                -53   474   474    40    40   108   115      0.000     -0.000     52.044     52.044      0.000
   305         21  (g)                -51   175     0   560   561   199   105    -30.308     -3.100   1433.254   1433.578      0.000
   306         21  (g)                -51   175     0   562   562   138   199     -1.179     -0.846     86.331     86.343      0.000
   307         21  (g)                -52   180   180   320   320   122   138     -0.325      1.553    158.084    158.092      0.000
   308         21  (g)                -31   510   510   310   311   201   200      0.000      0.000     66.273     66.273      0.000
   309         21  (g)                -31   969   969   310   311   203   202      0.000      0.000    -55.792     55.792      0.000
   310         21  (g)                -33   308   309   508   509   203   200     -0.619     -1.118    -55.778     55.793      0.000
   311         21  (g)                -33   308   309   971   971   201   202      0.619      1.118     66.260     66.272      0.000
   312          1  (d)                -42   886   886    88    88   133     0      0.000      0.000    443.430    443.430      0.000
   313         -1  (dbar)             -41   887   887   317    89     0   133      0.000     -0.000    -59.812     59.812      0.000
   314          1  (d)                -44    92    92   335   336   136     0      0.641     -4.478    316.464    316.496      0.330
   315         21  (g)                -44    94    94   447   447   134   135      3.347      3.201     19.003     19.559      0.000
   316         21  (g)                -44    93    93   337   337   135   136     -3.126      2.201    107.627    107.695      0.000
   317         -1  (dbar)             -43   313     0   583   583     0   134     -0.862     -0.924    -59.477     59.491      0.330
   318         21  (g)                -51   178     0   496   497   129   204     -1.504      2.503      0.930      3.065      0.000
   319         21  (g)                -51   178     0   323   323   204   122      1.152      0.419      1.195      1.712      0.000
   320         21  (g)                -52   307   307   321   322   122   138     -0.321      1.535    156.247    156.255      0.000
   321         21  (g)                -51   320     0   590   591   205   138      0.498     -0.564     51.898     51.903      0.000
   322         21  (g)                -51   320     0   389   390   122   205     -0.770      2.117    104.400    104.424      0.000
   323         21  (g)                -52   319   319   391   391   204   122      1.103      0.401      1.144      1.639      0.000
   324         21  (g)                -51   225     0   362   362   181   207      0.559      2.300     30.981     31.071      0.000
   325         21  (g)                -51   225     0   365   365   207   154      1.735      0.460     12.840     12.965      0.000
   326         21  (g)                -53   360   360   157   157   155   154      0.000     -0.000     51.816     51.816      0.000
   327         -1  (dbar)             -42   348   348   251   251     0   189      0.000     -0.000    241.162    241.162      0.000
   328         21  (g)                -41   349     0   334   252   178   208     -0.000      0.000     -2.015      2.015      0.000
   329         -1  (dbar)             -44   253   253   350   350     0   180     -1.547     -0.347    230.116    230.122      0.330
   330         21  (g)                -44   254   254   351   351   186   179      0.649      2.292      0.128      2.385      0.000
   331         21  (g)                -44   255   255   352   352   188   186      1.197     -2.507      3.114      4.173      0.000
   332         21  (g)                -44   256   256   353   353   180   188     -0.285      1.196      1.692      2.091      0.000
   333         21  (g)                -44   257   257   354   354   178   189     -0.354      0.365      0.839      0.981      0.000
   334         21  (g)                -43   328     0   355   355   179   208      0.340     -0.998      3.257      3.424      0.000
   335          1  (d)                -51   314     0   572   573   209     0      1.397     -3.081    198.931    198.960      0.330
   336         21  (g)                -51   314     0   574   574   136   209     -1.051     -1.189    127.683    127.693      0.000
   337         21  (g)                -52   316   316   445   446   135   136     -2.831      1.993     97.477     97.539      0.000
   338         21  (g)                -31   421   421   340   341   210   211      0.000      0.000      0.178      0.178      0.000
   339         21  (g)                -31   422     0   340   341   212   210      0.000      0.000    -19.446     19.446      0.000
   340         21  (g)                -33   338   339   388   388   212   213     -0.500     -1.086    -17.152     17.193      0.000
   341         21  (g)                -33   338   339   386   387   213   211      0.500      1.086     -2.117      2.431      0.000
   342         21  (g)                -51   297     0   571   571   214   174     -1.080     -0.306      3.941      4.098      0.000
   343         21  (g)                -51   297     0   649   650   196   214     -0.742      2.092      3.956      4.536      0.000
   344         21  (g)                -52   296   296   651   651   117   196     -0.194     -0.254      0.460      0.560      0.000
   345         21  (g)                -51   282     0   359   359   120   215     -0.732     -0.516     -0.729      1.155      0.000
   346         21  (g)                -51   282     0   357   358   215   168      0.396     -2.226      1.649      2.798      0.000
   347         21  (g)                -52   278   278   516   516   168   117      5.031     -5.823      4.740      9.038      0.000
   348         -1  (dbar)             -42   950   950   327   327     0   189      0.000      0.000    241.162    241.162      0.000
   349          2  (u)                -41   951   951   356   328   178     0     -0.000     -0.000    -75.512     75.512      0.000
   350         -1  (dbar)             -44   329   329   475   476     0   180     -1.546     -0.345    229.701    229.706      0.330
   351         21  (g)                -44   330   330   465   465   186   179      0.899      2.872      0.876      3.135      0.000
   352         21  (g)                -44   331   331   463   464   188   186      1.314     -2.235      2.641      3.701      0.000
   353         21  (g)                -44   332   332   477   477   180   188     -0.240      1.299      1.982      2.382      0.000
   354         21  (g)                -44   333   333   956   956   178   189     -0.338      0.401      0.899      1.041      0.000
   355         21  (g)                -44   334   334   531   531   179   208      0.358     -0.955      3.043      3.209      0.000
   356          2  (u)                -43   349     0   529   530   208     0     -0.446     -1.037    -73.491     73.500      0.330
   357         21  (g)                -51   346     0   514   515   216   168      0.755     -0.122     -0.004      0.764      0.000
   358         21  (g)                -51   346     0   830   830   215   216     -0.882     -2.473      1.132      2.859      0.000
   359         21  (g)                -52   345   345   822   822   120   215     -0.209     -0.147     -0.208      0.329      0.000
   360         21  (g)                -42   920   920   326   326   155   154     -0.000     -0.000     51.816     51.816      0.000
   361          1  (d)                -41   559   559   366   158   156     0      0.000      0.000     -9.631      9.631      0.000
   362         21  (g)                -44   324   324   548   549   181   207      0.615      2.333     31.915     32.006      0.000
   363         21  (g)                -44   227   227   403   404   156   157     -0.695     -1.319      0.318      1.524      0.000
   364         21  (g)                -44   226   226   405   405   157   181     -0.765     -0.950      4.762      4.916      0.000
   365         21  (g)                -44   325   325   551   552   207   154      1.813      0.506     13.994     14.120      0.000
   366          1  (d)                -43   361     0   926   926   155     0     -0.968     -0.570     -8.804      8.881      0.330
   367         21  (g)                -51   165     0   517   518   217   162     -3.703     -1.585     -3.755      5.507      0.000
   368         21  (g)                -51   165     0   519   519   141   217     -0.685     -0.719      0.229      1.019      0.000
   369         21  (g)                -52   121   121   618   618   110   141     -0.173      1.460     -0.883      1.715      0.000
   370         21  (g)                -31   593   593   372   373   220   219      0.000      0.000     38.184     38.184      0.000
   371         -3  (sbar)             -31   594     0   372   373     0   218      0.000      0.000     -0.140      0.140      0.000
   372         21  (g)                -33   370   371   595   595   220   218      0.903     -0.614     35.444     35.460      0.000
   373         -3  (sbar)             -33   370   371   596   596     0   219     -0.903      0.614      2.599      2.864      0.500
   374         21  (g)                -51   182     0   484   485   165   221      1.721     -0.444   -462.116    462.119      0.000
   375         21  (g)                -51   182     0   486   486   221   103      0.453     -0.974     -5.090      5.203      0.000
   376          6  (t)                -52   173   173   747   747   103     0     61.265    -52.595   -394.336    438.943    175.071
   377         21  (g)                -42   931   931   231   231   183   158     -0.000      0.000     18.252     18.252      0.000
   378          1  (d)                -41   932   932   382   232   158     0      0.000     -0.000   -173.938    173.938      0.000
   379         21  (g)                -44   233   233   511   512   161   160     -0.009      1.763    -21.595     21.667      0.000
   380         21  (g)                -44   234   234   513   513   159   161      0.538     -1.027      2.996      3.213      0.000
   381         21  (g)                -44   235   235   935   935   183   159     -0.272     -1.760     15.057     15.162      0.000
   382          1  (d)                -43   378     0   936   936   160     0     -0.257      1.024   -152.144    152.148      0.330
   383         21  (g)                -51   237     0   438   438   184   222     -1.583     -1.330      3.665      4.208      0.000
   384         21  (g)                -51   237     0   540   540   222   144     -0.169      0.996      4.402      4.517      0.000
   385         21  (g)                -52   238   238   538   539   144   143      0.487      3.789   1180.608   1180.614      0.000
   386         21  (g)                -51   341     0   424   424   223   211     -0.463     -0.122     -6.727      6.744      0.000
   387         21  (g)                -51   341     0   425   425   213   223      0.776      0.800     -1.828      2.141      0.000
   388         21  (g)                -52   340   340   423   423   212   213     -0.313     -0.678    -10.713     10.739      0.000
   389         21  (g)                -51   322     0   592   592   225   205     -1.175      0.606     63.235     63.249      0.000
   390         21  (g)                -51   322     0   457   458   122   225      0.450      1.527     41.211     41.242      0.000
   391         21  (g)                -52   323   323   459   459   204   122      1.058      0.385      1.098      1.572      0.000
   392         21  (g)                -51   281     0   658   659   226   118      1.104     -2.107     18.674     18.825      0.000
   393         21  (g)                -51   281     0   660   660   175   226      0.629      0.508      3.987      4.069      0.000
   394         21  (g)                -52   284   284   613   614   128   175      2.229      0.026      6.075      6.471      0.000
   395         21  (g)                -51   239     0   685   686   185   227      0.335      0.285      0.848      0.955      0.000
   396         21  (g)                -51   239     0   687   687   227   137      1.157      0.642     -1.853      2.277      0.000
   397         21  (g)                -53   702   702   172   172   165   137     -0.000      0.000  -1602.560   1602.560      0.000
   398          1  (d)                -42   499   499   130   130   147     0     -0.000      0.000     37.598     37.598      0.000
   399          1  (d)                -41   500     0   402   131   148     0     -0.000      0.000   -105.612    105.612      0.000
   400          1  (d)                -44   132   132   501   501   148     0     -1.813      2.761     35.677     35.831      0.330
   401         21  (g)                -44   133   133   502   502   147   149      1.202     -1.985      1.112      2.573      0.000
   402          1  (d)                -43   399     0   503   503   149     0      0.611     -0.777   -104.802    104.807      0.330
   403         21  (g)                -51   363     0   557   558   156   228     -1.450     -1.200      0.984      2.124      0.000
   404         21  (g)                -51   363     0   927   927   228   157      0.384     -0.580      1.645      1.786      0.000
   405         21  (g)                -52   364   364   550   550   157   181     -0.393     -0.489      2.450      2.529      0.000
   406         21  (g)                -41   489   489   420   145   229   123      0.000     -0.000    358.519    358.519      0.000
   407         21  (g)                -42   603   603   230   230   126   127      0.000      0.000  -1195.570   1195.570      0.000
   408         21  (g)                -44   196   196   487   488   173   123     -0.313      4.276   -368.823    368.848      0.000
   409         21  (g)                -44   185   185   845   845   124   146      6.034     -2.148     -2.808      6.993      0.000
   410         21  (g)                -44   301   301   483   483   125   127     -3.211     -2.388   -195.381    195.422      0.000
   411         21  (g)                -44   183   183   534   534   130   166     -0.291      0.488      3.521      3.567      0.000
   412         21  (g)                -44   151   151   532   533   140   130     -4.483      0.441      4.922      6.672      0.000
   413         21  (g)                -44   211   211   849   849   146   176      0.494     -1.184      0.011      1.283      0.000
   414         21  (g)                -44   153   153   469   470   152   140      1.471     -2.344      4.814      5.553      0.000
   415         21  (g)                -44   184   184   621   621   166   124     -1.687      0.313     -1.259      2.128      0.000
   416         21  (g)                -44   228   228   600   600   182   173      4.376      2.392   -527.518    527.541      0.000
   417         21  (g)                -44   299   299   450   450   176   197     -1.351     -0.937     -3.468      3.838      0.000
   418         21  (g)                -44   229   229   598   599   126   182     -0.582      0.970    -65.821     65.830      0.000
   419         21  (g)                -44   300   300   448   449   197   125     -1.417     -0.049    -25.808     25.846      0.000
   420         21  (g)                -43   406     0   471   471   229   152      0.961      0.169    340.564    340.566      0.000
   421         21  (g)                -42   975   975   338   338   210   211      0.000     -0.000      0.178      0.178      0.000
   422         21  (g)                -41   976   976   426   339   212   230     -0.000     -0.000   -128.585    128.585      0.000
   423         21  (g)                -44   388   388   453   453   212   213     -0.842     -0.626    -11.565     11.613      0.000
   424         21  (g)                -44   386   386   978   978   223   211     -0.796     -0.089     -7.256      7.300      0.000
   425         21  (g)                -44   387   387   451   452   213   223      0.678      0.809     -2.015      2.274      0.000
   426         21  (g)                -43   422     0   980   980   210   230      0.961     -0.094   -107.571    107.575      0.000
   427         21  (g)                -51   291     0   673   674   112   231     -0.213     -0.698     -9.326      9.354      0.000
   428         21  (g)                -51   291     0   798   798   231   194      0.848      0.992    -44.639     44.658      0.000
   429         21  (g)                -52   290   290   616   617   194   110     -1.626      0.696     -7.083      7.300      0.000
   430          2  (u)                -51   206     0   902   902   145     0     -0.122     -1.297    106.178    106.186      0.330
   431         -2  (ubar)             -51   206     0   906   906     0   150      1.014     -2.861    114.609    114.650      0.330
   432         -2  (ubar)             -53   899   899   203   203     0   150     -0.000      0.000     -1.861      1.861      0.000
   433         21  (g)                -51   286     0   520   521   192   232      1.589     -0.386     -5.062      5.319      0.000
   434         21  (g)                -51   286     0   630   630   232   119     -0.602      0.796     -2.160      2.380      0.000
   435         21  (g)                -52   279   279   819   819   119   120     -2.278      4.976    -21.371     22.061      0.000
   436         -2  (ubar)             -51   236     0   903   903     0   233      0.265      2.342     -0.348      2.405      0.330
   437         21  (g)                -51   236     0   907   907   233   184      0.526     -0.318      0.430      0.750      0.000
   438         21  (g)                -52   383   383   904   904   184   222     -1.344     -1.129      3.111      3.572      0.000
   439         -1  (dbar)             -51   217     0   454   455     0   234      3.010     -3.085    -11.299     12.097      0.330
   440         21  (g)                -51   217     0   456   456   234   132      0.157      0.651     -0.068      0.674      0.000
   441         21  (g)                -52   218   218   478   479   132   139     -2.344      2.078     13.294     13.658      0.000
   442         21  (g)                -51   168     0   646   647   162   235     -0.046     -1.085     -3.024      3.213      0.000
   443         21  (g)                -51   168     0   648   648   235   164     -1.322     -0.116     -0.901      1.604      0.000
   444         21  (g)                -52   169   169   505   506   164   109     -3.784      2.607     -5.180      6.924      0.000
   445         21  (g)                -51   337     0   890   890   236   136     -0.514     -0.299     25.889     25.896      0.000
   446         21  (g)                -51   337     0   468   468   135   236     -2.204      2.401     72.233     72.306      0.000
   447         21  (g)                -52   315   315   466   467   134   135      3.233      3.093     18.359     18.896      0.000
   448         21  (g)                -51   419     0   481   482   237   125     -1.615     -0.189    -26.581     26.631      0.000
   449         21  (g)                -51   419     0   857   857   197   237     -0.200     -0.135     -0.248      0.346      0.000
   450         21  (g)                -52   417   417   853   853   176   197     -0.953     -0.661     -2.447      2.708      0.000
   451         21  (g)                -51   425     0   979   979   238   223     -0.363      0.118     -0.219      0.440      0.000
   452         21  (g)                -51   425     0   981   981   213   238      0.715      0.449     -6.267      6.323      0.000
   453         21  (g)                -52   423   423   977   977   212   213     -0.517     -0.384     -7.095      7.124      0.000
   454         -1  (dbar)             -51   439     0   872   872     0   239      2.044     -2.866     -9.962     10.571      0.330
   455         21  (g)                -51   439     0   625   626   239   234      1.003     -0.066     -1.353      1.686      0.000
   456         21  (g)                -52   440   440   584   585   234   132      0.120      0.498     -0.052      0.515      0.000
   457         21  (g)                -51   390     0   764   764   240   225     -0.422      0.332     23.066     23.072      0.000
   458         21  (g)                -51   390     0   693   693   122   240      0.967      1.229     18.244     18.311      0.000
   459         21  (g)                -52   391   391   498   498   204   122      0.963      0.351      0.999      1.432      0.000
   460         21  (g)                -51   289     0   580   580   153   241     -2.905      4.098      4.319      6.625      0.000
   461         21  (g)                -51   289     0   525   525   241   114     -1.332      3.330      1.612      3.932      0.000
   462         21  (g)                -52   288   288   523   524   114   193     -1.488     -0.336      2.042      2.549      0.000
   463         21  (g)                -51   352     0   490   491   188   242      1.099     -1.372      2.990      3.468      0.000
   464         21  (g)                -51   352     0   959   959   242   186      0.332     -0.491     -0.236      0.638      0.000
   465         21  (g)                -52   351   351   622   623   186   179      0.782      2.501      0.763      2.729      0.000
   466         21  (g)                -51   447     0   581   582   134   243      2.975      1.938     13.699     14.151      0.000
   467         21  (g)                -51   447     0   894   894   243   135      0.102      1.325      9.783      9.873      0.000
   468         21  (g)                -52   446   446   893   893   135   236     -2.048      2.231     67.110     67.178      0.000
   469         21  (g)                -51   414     0   661   662   244   140      0.552     -1.379      1.520      2.126      0.000
   470         21  (g)                -51   414     0   663   663   152   244      0.929     -0.963      6.631      6.765      0.000
   471         21  (g)                -52   420   420   856   856   229   152      0.952      0.167    337.227    337.228      0.000
   472         21  (g)                -51    42     0   783   783   245   111      5.580     -4.319   -117.596    117.807      0.000
   473         21  (g)                -51    42     0   801   801   108   245      0.833     -1.444    -13.996     14.095      0.000
   474         21  (g)                -53   781   781   304   304   108   115      0.000     -0.000     52.058     52.058      0.000
   475         -1  (dbar)             -51   350     0   690   690     0   246     -1.963      0.077    220.334    220.343      0.330
   476         21  (g)                -51   350     0   672   672   246   180      0.405     -0.361      9.460      9.476      0.000
   477         21  (g)                -52   353   353   492   492   180   188     -0.229      1.237      1.888      2.269      0.000
   478         21  (g)                -51   441     0   526   527   132   247     -2.216      2.264     17.420     17.706      0.000
   479         21  (g)                -51   441     0   528   528   247   139      0.005     -0.321      0.587      0.669      0.000
   480          2  (u)                -52   216   216   711   711   139     0      2.327     -2.372     82.864     82.931      0.330
   481         21  (g)                -51   448     0   577   577   237   249     -0.031     -0.586    -25.399     25.406      0.000
   482         21  (g)                -51   448     0   575   576   249   125     -2.541     -0.316    -59.441     59.496      0.000
   483         21  (g)                -52   410   410   601   602   125   127     -2.253     -1.676   -137.122    137.151      0.000
   484         21  (g)                -51   374     0   756   756   165   250      1.625     -0.637   -460.989    460.992      0.000
   485         21  (g)                -51   374     0   767   767   250   221      0.135      0.110     -1.560      1.570      0.000
   486         21  (g)                -52   375   375   763   763   221   103      0.415     -0.891     -4.657      4.760      0.000
   487         21  (g)                -51   408     0   844   844   173   251     -0.990      2.923   -275.563    275.580      0.000
   488         21  (g)                -51   408     0   860   860   251   123      0.676      1.353    -93.258     93.271      0.000
   489         21  (g)                -53   842   842   406   406   229   123      0.000     -0.000    358.521    358.521      0.000
   490         21  (g)                -51   463     0   954   954   252   242     -0.392     -0.010      0.302      0.495      0.000
   491         21  (g)                -51   463     0   652   653   188   252      1.415     -0.950      3.317      3.730      0.000
   492         21  (g)                -52   477   477   654   654   180   188     -0.153      0.825      1.259      1.513      0.000
   493         21  (g)                -51   219     0   874   874   253   131     -0.993      1.309      2.888      3.323      0.000
   494         21  (g)                -51   219     0   696   696   151   253     -1.169      0.249      6.348      6.459      0.000
   495         21  (g)                -52   220   220   694   695   177   151     -1.121      1.305     32.423     32.469      0.000
   496         21  (g)                -51   318     0   752   752   129   254     -0.658      2.364      0.428      2.491      0.000
   497         21  (g)                -51   318     0   768   768   254   204     -0.554      0.245      0.805      1.008      0.000
   498         21  (g)                -52   459   459   691   692   204   122      0.671      0.244      0.696      0.998      0.000
   499          1  (d)                -42   912   912   398   398   147     0     -0.000      0.000     37.598     37.598      0.000
   500         21  (g)                -41   537   537   504   399   148   255      0.000     -0.000   -459.656    459.656      0.000
   501          1  (d)                -44   400   400   535   536   148     0     -1.812      2.761     35.668     35.822      0.330
   502         21  (g)                -44   401   401   609   609   147   149      1.207     -1.985      1.116      2.577      0.000
   503          1  (d)                -44   402   402   607   608   149     0      1.344     -0.803   -104.803    104.815      0.330
   504         -1  (dbar)             -43   500     0   917   917     0   255     -0.739      0.026   -354.038    354.039      0.330
   505         21  (g)                -51   444     0   715   716   164   256     -3.971      2.971     -4.614      6.774      0.000
   506         21  (g)                -51   444     0   717   717   256   109      0.123     -0.274     -0.308      0.431      0.000
   507         21  (g)                -52   170   170   578   579   109   153     -1.526      2.139      6.162      6.698      0.000
   508         21  (g)                -51   310     0   556   556   203   257     -1.269     -0.796    -54.507     54.528      0.000
   509         21  (g)                -51   310     0   554   555   257   200      0.651     -0.322     -1.165      1.372      0.000
   510         21  (g)                -53   968   968   308   308   201   200      0.000      0.000     66.380     66.380      0.000
   511         21  (g)                -51   379     0   933   933   258   160     -0.566      1.645    -14.101     14.208      0.000
   512         21  (g)                -51   379     0   587   588   161   258      0.562      0.109     -7.466      7.488      0.000
   513         21  (g)                -52   380   380   589   589   159   161      0.533     -1.017      2.969      3.183      0.000
   514         21  (g)                -51   357     0   829   829   216   259      1.090     -1.485      0.238      1.857      0.000
   515         21  (g)                -51   357     0   833   833   259   168      2.010     -1.351      1.967      3.120      0.000
   516         21  (g)                -52   347   347   818   818   168   117      2.686     -3.108      2.530      4.825      0.000
   517         21  (g)                -51   367     0   720   720   260   162     -1.060     -1.199     -1.685      2.324      0.000
   518         21  (g)                -51   367     0   718   719   217   260     -2.913     -0.670     -1.980      3.585      0.000
   519         21  (g)                -52   368   368   797   797   141   217     -0.415     -0.435      0.139      0.617      0.000
   520         21  (g)                -51   433     0   628   629   261   232      0.732     -0.869     -3.509      3.688      0.000
   521         21  (g)                -51   433     0   721   722   192   261      0.857      0.483     -6.142      6.220      0.000
   522         21  (g)                -53   723   723   277   277   192   191     -0.000      0.000    -38.753     38.753      0.000
   523         -3  (sbar)             -51   462     0   794   794     0   193     -1.623      0.335      2.253      2.841      0.500
   524          3  (s)                -51   462     0   804   804   114     0     -0.147      0.031      0.129      0.538      0.500
   525         21  (g)                -52   461   461   800   800   241   114     -1.051      2.627      1.272      3.102      0.000
   526         21  (g)                -51   478     0   586   586   132   262     -1.524      2.132     15.494     15.714      0.000
   527         21  (g)                -51   478     0   729   729   262   247     -0.690     -0.023      2.209      2.315      0.000
   528         21  (g)                -52   479   479   709   710   247   139      0.003     -0.166      0.303      0.346      0.000
   529          2  (u)                -51   356     0   645   645   263     0     -0.285     -1.589    -62.862     62.884      0.330
   530         21  (g)                -51   356     0   643   644   208   263     -0.160      0.548    -10.616     10.631      0.000
   531         21  (g)                -52   355   355   624   624   179   208      0.357     -0.951      3.029      3.195      0.000
   532         21  (g)                -51   412     0   706   707   140   264     -0.314      0.117     -0.022      0.336      0.000
   533         21  (g)                -51   412     0   703   704   264   130     -4.237      0.437      5.764      7.167      0.000
   534         21  (g)                -52   411   411   619   620   130   166     -0.224      0.374      2.701      2.736      0.000
   535          1  (d)                -51   501     0   914   914   265     0     -1.192      1.718     30.145     30.220      0.330
   536         21  (g)                -51   501     0   918   918   148   265     -0.620      1.043      5.497      5.629      0.000
   537         21  (g)                -53   913   913   500   500   148   255      0.000     -0.000   -459.682    459.682      0.000
   538         21  (g)                -51   385     0   901   901   266   143     -0.433      1.737    429.687    429.690      0.000
   539         21  (g)                -51   385     0   667   668   144   266      0.918      2.060    750.957    750.960      0.000
   540         21  (g)                -52   384   384   669   669   222   144     -0.168      0.988      4.366      4.480      0.000
   541         21  (g)                -42   744   744   258   258   169   190      0.000      0.000      6.940      6.940      0.000
   542         21  (g)                -41   940   940   547   259   171   267     -0.000     -0.000    -90.004     90.004      0.000
   543         21  (g)                -44   260   260   610   611   169   172     -2.474      0.589    -16.079     16.279      0.000
   544         21  (g)                -44   293   293   642   642   171   195      1.653     -0.770      0.316      1.851      0.000
   545         21  (g)                -44   295   295   684   684   170   190      0.471      0.890      2.841      3.014      0.000
   546         21  (g)                -44   294   294   640   641   195   170     -0.248     -1.069      2.722      2.935      0.000
   547         21  (g)                -43   542     0   612   612   172   267      0.599      0.359    -72.862     72.865      0.000
   548         21  (g)                -51   362     0   553   553   268   207      0.249      1.979     18.712     18.818      0.000
   549         21  (g)                -51   362     0   928   928   181   268      0.268      0.233     13.809     13.813      0.000
   550         21  (g)                -52   405   405   924   924   157   181     -0.296     -0.368      1.844      1.904      0.000
   551         21  (g)                -51   365     0   925   925   269   154      1.302      0.576     17.495     17.553      0.000
   552         21  (g)                -51   365     0   929   929   207   269      0.610      0.722      3.988      4.099      0.000
   553         21  (g)                -52   548   548   922   922   268   207      0.150      1.187     11.223     11.287      0.000
   554         21  (g)                -51   509     0   972   972   270   200      0.658      0.366     -3.037      3.129      0.000
   555         21  (g)                -51   509     0   639   639   257   270     -0.107     -0.750     -2.387      2.504      0.000
   556         21  (g)                -52   508   508   637   638   203   257     -1.170     -0.734    -50.248     50.267      0.000
   557         -1  (dbar)             -51   403     0   923   923     0   228     -1.004     -0.321     -0.271      1.137      0.330
   558          1  (d)                -51   403     0   930   930   156     0     -0.446     -0.879      0.880      1.362      0.330
   559          1  (d)                -53   921   921   361   361   156     0      0.000      0.000    -10.006     10.006      0.000
   560         21  (g)                -51   305     0   730   731   271   105    -26.995     -2.347   1275.873   1276.161      0.000
   561         21  (g)                -51   305     0   769   769   199   271     -3.544     -0.920    174.308    174.346      0.000
   562         21  (g)                -52   306   306   760   760   138   199     -0.948     -0.680     69.405     69.414      0.000
   563         -1  (dbar)             -51   274     0   759   759     0   272     -0.937     -0.255      0.489      1.137      0.330
   564         21  (g)                -51   274     0   770   770   272   167      0.022     -1.198      0.490      1.295      0.000
   565          3  (s)                -52   275   275   755   755   167     0      0.918     -7.588     16.824     18.485      0.500
   566         21  (g)                -51   240     0   631   632   273   185     -1.544      0.787     -0.624      1.842      0.000
   567         21  (g)                -51   240     0   633   633   107   273     -0.942      1.341      0.533      1.723      0.000
   568         21  (g)                -52   241   241   604   605   101   107      2.957     -0.098     11.027     11.417      0.000
   569         21  (g)                -51   298     0   736   737   274   121     -3.975      1.632     11.833     12.590      0.000
   570         21  (g)                -51   298     0   835   835   174   274     -1.370      1.473      4.729      5.139      0.000
   571         21  (g)                -52   342   342   827   827   214   174     -0.704     -0.199      2.569      2.671      0.000
   572          1  (d)                -51   335     0   888   888   275     0      0.900     -0.859     76.819     76.830      0.330
   573         21  (g)                -51   335     0   895   895   209   275      0.228     -2.527    154.839    154.859      0.000
   574         21  (g)                -52   336   336   892   892   136   209     -0.781     -0.884     94.956     94.964      0.000
   575         21  (g)                -51   482     0   859   859   276   125     -1.716      0.106    -34.502     34.545      0.000
   576         21  (g)                -51   482     0   862   862   249   276     -0.843     -0.764    -39.809     39.826      0.000
   577         21  (g)                -52   481   481   855   855   237   249     -0.013     -0.243    -10.529     10.531      0.000
   578         21  (g)                -51   507     0   741   741   109   277     -2.016      3.090      7.178      8.070      0.000
   579         21  (g)                -51   507     0   805   805   277   153     -0.200      0.022      0.010      0.202      0.000
   580         21  (g)                -52   460   460   786   786   153   241     -2.215      3.125      3.293      5.052      0.000
   581         21  (g)                -51   466     0   735   735   278   243      3.189      2.422     13.275     13.866      0.000
   582         21  (g)                -51   466     0   733   734   134   278     -0.218     -0.488      0.153      0.556      0.000
   583         -1  (dbar)             -52   317   317   891   891     0   134     -0.858     -0.920    -59.206     59.220      0.330
   584         21  (g)                -51   456     0   627   627   234   279      0.208      1.043      1.256      1.646      0.000
   585         21  (g)                -51   456     0   881   881   279   132     -0.247     -0.322      0.312      0.512      0.000
   586         21  (g)                -52   526   526   727   728   132   262     -1.364      1.909     13.874     14.071      0.000
   587         21  (g)                -51   512     0   937   937   280   258      0.583      0.681     -6.332      6.395      0.000
   588         21  (g)                -51   512     0   938   938   161   280     -0.003     -0.606     -1.035      1.199      0.000
   589         21  (g)                -52   513   513   934   934   159   161      0.516     -0.983      2.870      3.077      0.000
   590         21  (g)                -51   321     0   754   754   281   138      0.527      0.110     51.602     51.605      0.000
   591         21  (g)                -51   321     0   772   772   205   281     -0.517     -0.423     26.552     26.560      0.000
   592         21  (g)                -52   389   389   762   762   225   205     -0.687      0.354     36.980     36.988      0.000
   593         21  (g)                -42   982   982   370   370   220   219     -0.000     -0.000     38.184     38.184      0.000
   594         -3  (sbar)             -41   983   983   597   371     0   282      0.000      0.000     -0.165      0.165      0.000
   595         21  (g)                -44   372   372   984   984   220   218      0.886     -0.623     30.970     30.989      0.000
   596         -3  (sbar)             -44   373   373   985   985     0   219     -1.172      0.466      2.946      3.243      0.500
   597         21  (g)                -43   594     0   986   986   218   282      0.286      0.157      4.103      4.116      0.000
   598         21  (g)                -51   418     0   854   854   126   283     -0.280      1.454   -124.814    124.823      0.000
   599         21  (g)                -51   418     0   863   863   283   182      0.302     -0.155    -13.748     13.752      0.000
   600         21  (g)                -52   416   416   852   852   182   173      3.772      2.062   -454.776    454.797      0.000
   601         21  (g)                -51   483     0   846   846   125   284     -2.070     -1.533   -116.298    116.326      0.000
   602         21  (g)                -51   483     0   864   864   284   127     -0.184     -0.143   -114.376    114.376      0.000
   603         21  (g)                -53   843   843   407   407   126   127     -0.000      0.000  -1289.121   1289.121      0.000
   604         21  (g)                -51   568     0   750   750   285   107      2.613      0.443     11.626     11.925      0.000
   605         21  (g)                -51   568     0   773   773   101   285      0.344     -0.541      2.194      2.286      0.000
   606         21  (g)                -53   732   732   171   171   101   105      0.000     -0.000   1750.878   1750.878      0.000
   607          1  (d)                -51   503     0   916   916   286     0      1.501     -0.428   -103.384    103.396      0.330
   608         21  (g)                -51   503     0   919   919   149   286     -0.135     -0.410     -1.400      1.465      0.000
   609         21  (g)                -52   502   502   915   915   147   149      1.186     -1.950      1.096      2.532      0.000
   610         21  (g)                -51   543     0   941   941   169   287     -2.075     -0.049    -12.684     12.853      0.000
   611         21  (g)                -51   543     0   946   946   287   172     -0.353      0.666     -9.006      9.037      0.000
   612         21  (g)                -52   547   547   945   945   172   267      0.553      0.332    -67.252     67.255      0.000
   613         21  (g)                -51   394     0   824   824   288   175      1.498      0.578      5.687      5.909      0.000
   614         21  (g)                -51   394     0   836   836   128   288      0.731     -0.552      2.329      2.503      0.000
   615         21  (g)                -53   738   738   276   276   128   121      0.000     -0.000     66.549     66.549      0.000
   616         21  (g)                -51   429     0   785   785   194   289      0.170      0.189     -1.706      1.725      0.000
   617         21  (g)                -51   429     0   636   636   289   110     -1.826      0.761     -5.530      5.873      0.000
   618         21  (g)                -52   369   369   634   635   110   141     -0.143      1.207     -0.730      1.417      0.000
   619         21  (g)                -51   534     0   705   705   130   290      0.440      0.175      1.287      1.371      0.000
   620         21  (g)                -51   534     0   865   865   290   166     -0.813      0.226      1.304      1.553      0.000
   621         21  (g)                -52   415   415   851   851   166   124     -1.539      0.286     -1.148      1.941      0.000
   622          3  (s)                -51   465     0   953   953   186     0      0.483      1.195      0.128      1.388      0.500
   623         -3  (sbar)             -51   465     0   963   963     0   179      0.333      1.217      0.917      1.638      0.500
   624         21  (g)                -52   531   531   957   957   179   208      0.323     -0.863      2.747      2.898      0.000
   625         21  (g)                -51   455     0   877   877   239   291      1.323     -0.032     -1.102      1.722      0.000
   626         21  (g)                -51   455     0   882   882   291   234     -0.272      0.206      0.038      0.343      0.000
   627         21  (g)                -52   584   584   876   876   234   279      0.160      0.803      0.967      1.267      0.000
   628         21  (g)                -51   520     0   826   826   261   292      0.606     -0.396     -0.968      1.209      0.000
   629         21  (g)                -51   520     0   837   837   292   232     -0.065     -0.221     -3.225      3.233      0.000
   630         21  (g)                -52   434   434   832   832   232   119     -0.412      0.544     -1.476      1.626      0.000
   631         21  (g)                -51   566     0   657   657   293   185     -0.053      0.472     -0.293      0.558      0.000
   632         21  (g)                -51   566     0   655   656   273   293     -2.150      1.252      0.041      2.488      0.000
   633         21  (g)                -52   567   567   771   771   107   273     -0.284      0.404      0.160      0.519      0.000
   634         21  (g)                -51   618     0   679   680   294   141     -0.513      1.513     -1.269      2.040      0.000
   635         21  (g)                -51   618     0   681   681   110   294     -0.155     -0.088     -1.049      1.064      0.000
   636         21  (g)                -52   617   617   806   806   289   110     -1.302      0.542     -3.942      4.186      0.000
   637         21  (g)                -51   556     0   970   970   203   295     -0.962     -0.705    -49.273     49.287      0.000
   638         21  (g)                -51   556     0   974   974   295   257     -0.231     -0.190     -1.487      1.517      0.000
   639         21  (g)                -52   555   555   973   973   257   270     -0.084     -0.589     -1.875      1.967      0.000
   640         21  (g)                -51   546     0   682   683   296   170     -0.315     -1.147      1.437      1.865      0.000
   641         21  (g)                -51   546     0   947   947   195   296      0.347     -0.053      1.338      1.384      0.000
   642         21  (g)                -52   544   544   942   942   171   195      1.372     -0.639      0.262      1.536      0.000
   643         21  (g)                -51   530     0   962   962   208   297      0.431     -0.154     -9.193      9.205      0.000
   644         21  (g)                -51   530     0   964   964   297   263     -0.684      0.152    -22.449     22.460      0.000
   645          2  (u)                -52   529   529   958   958   263     0     -0.192     -1.039    -41.835     41.850      0.330
   646         21  (g)                -51   442     0   791   791   162   298      0.067      0.162     -1.008      1.023      0.000
   647         21  (g)                -51   442     0   808   808   298   235     -0.506     -1.281     -2.284      2.667      0.000
   648         21  (g)                -52   443   443   799   799   235   164     -0.929     -0.081     -0.633      1.127      0.000
   649         21  (g)                -51   343     0   828   828   299   214     -1.014      1.056      3.053      3.386      0.000
   650         21  (g)                -51   343     0   838   838   196   299      0.158      0.887      1.172      1.478      0.000
   651         21  (g)                -52   344   344   820   820   117   196     -0.080     -0.105      0.190      0.231      0.000
   652         21  (g)                -51   491     0   961   961   300   252      0.163     -0.179     -0.014      0.243      0.000
   653         21  (g)                -51   491     0   965   965   188   300      1.208     -0.533      3.694      3.922      0.000
   654         21  (g)                -52   492   492   670   671   180   188     -0.109      0.587      0.896      1.077      0.000
   655         21  (g)                -51   632     0   774   774   273   301     -1.823      0.834      0.117      2.008      0.000
   656         21  (g)                -51   632     0   775   775   301   293     -0.375      0.852     -0.346      0.993      0.000
   657         21  (g)                -52   631   631   758   758   293   185     -0.004      0.038     -0.023      0.044      0.000
   658         21  (g)                -51   392     0   821   821   302   118      0.771     -1.387      8.603      8.748      0.000
   659         21  (g)                -51   392     0   839   839   226   302      0.496     -0.589     11.098     11.124      0.000
   660         21  (g)                -52   393   393   831   831   175   226      0.467      0.377      2.961      3.021      0.000
   661         21  (g)                -51   469     0   708   708   303   140      0.971     -1.520      3.171      3.648      0.000
   662         21  (g)                -51   469     0   866   866   244   303     -0.180     -0.107      0.053      0.216      0.000
   663         21  (g)                -52   470   470   858   858   152   244      0.690     -0.716      4.927      5.026      0.000
   664         21  (g)                -51   303     0   796   796   304   115      0.443     -0.482      7.546      7.575      0.000
   665         21  (g)                -51   303     0   809   809   198   304      1.424     -0.211      6.402      6.562      0.000
   666         21  (g)                -52   302   302   726   726   187   198      2.738     -2.600      9.805     10.507      0.000
   667         21  (g)                -51   539     0   908   908   305   266      0.856      1.483    390.144    390.148      0.000
   668         21  (g)                -51   539     0   678   678   144   305      0.061      0.584    360.845    360.846      0.000
   669         21  (g)                -52   540   540   676   677   222   144     -0.167      0.980      4.334      4.446      0.000
   670         21  (g)                -51   654     0   955   955   306   188      0.091     -0.036     -0.046      0.108      0.000
   671         21  (g)                -51   654     0   966   966   180   306     -0.067      0.505      4.031      4.063      0.000
   672         21  (g)                -52   476   476   688   689   246   180      0.273     -0.243      6.371      6.382      0.000
   673         21  (g)                -51   427     0   795   795   307   231     -0.048      0.144     -0.683      0.700      0.000
   674         21  (g)                -51   427     0   810   810   112   307     -0.165     -0.841    -30.854     30.865      0.000
   675         21  (g)                -53   782   782   292   292   112   116     -0.000      0.000  -1367.430   1367.430      0.000
   676         21  (g)                -51   669     0   699   699   222   308     -0.344      0.278      1.058      1.146      0.000
   677         21  (g)                -51   669     0   697   698   308   144      0.179      0.715     11.383     11.406      0.000
   678         21  (g)                -52   668   668   909   909   144   305      0.060      0.571    352.739    352.739      0.000
   679         21  (g)                -51   634     0   789   789   309   141     -0.483      1.010     -0.527      1.237      0.000
   680         21  (g)                -51   634     0   811   811   294   309     -0.137      0.442     -1.468      1.539      0.000
   681         21  (g)                -52   635   635   807   807   110   294     -0.048     -0.027     -0.324      0.328      0.000
   682         21  (g)                -51   640     0   944   944   296   310     -0.105     -0.124     -0.115      0.200      0.000
   683         21  (g)                -51   640     0   948   948   310   170     -0.104     -0.823      2.188      2.340      0.000
   684         21  (g)                -52   545   545   742   743   170   190      0.365      0.691      2.205      2.339      0.000
   685          2  (u)                -51   395     0   753   753   185     0      0.278      0.558      0.655      0.963      0.330
   686         -2  (ubar)             -51   395     0   776   776     0   227      0.345     -0.113     -0.269      0.560      0.330
   687         21  (g)                -52   396   396   700   701   227   137      0.869      0.482     -1.391      1.709      0.000
   688         21  (g)                -51   672     0   960   960   311   180      0.127     -0.016      0.717      0.728      0.000
   689         21  (g)                -51   672     0   967   967   246   311     -0.381     -0.204     64.319     64.321      0.000
   690         -1  (dbar)             -52   475   475   952   952     0   246     -1.436      0.054    161.669    161.676      0.330
   691         21  (g)                -51   498     0   761   761   204   313     -0.145      0.322      0.360      0.504      0.000
   692         21  (g)                -51   498     0   777   777   313   122      0.935      0.074      2.577      2.743      0.000
   693         21  (g)                -52   458   458   766   766   122   240      0.848      1.078     16.003     16.061      0.000
   694         21  (g)                -51   495     0   875   875   177   314     -1.459      0.994     23.480     23.546      0.000
   695         21  (g)                -51   495     0   883   883   314   151      0.051      0.372     10.500     10.507      0.000
   696         21  (g)                -52   494   494   879   879   151   253     -0.882      0.188      4.791      4.875      0.000
   697         21  (g)                -51   677     0   910   910   315   144      0.158     -0.188      3.592      3.600      0.000
   698         21  (g)                -51   677     0   911   911   308   315     -0.191      1.074      8.443      8.513      0.000
   699         21  (g)                -52   676   676   905   905   222   308     -0.132      0.107      0.406      0.440      0.000
   700         21  (g)                -51   687     0   712   713   227   317      1.111      0.761     -2.727      3.041      0.000
   701         21  (g)                -51   687     0   714   714   317   137     -0.242     -0.279    -17.249     17.253      0.000
   702         21  (g)                -53   746   746   397   397   165   137     -0.000      0.000  -1621.144   1621.144      0.000
   703         21  (g)                -51   533     0   861   861   264   318     -2.096      0.016      2.134      2.991      0.000
   704         21  (g)                -51   533     0   867   867   318   130     -2.084      0.444      3.798      4.355      0.000
   705         21  (g)                -52   619   619   847   847   130   290      0.383      0.153      1.119      1.193      0.000
   706         21  (g)                -51   532     0   848   848   319   264      0.317      0.222      0.141      0.412      0.000
   707         21  (g)                -51   532     0   868   868   140   319     -0.330     -0.574      0.818      1.053      0.000
   708         21  (g)                -52   661   661   850   850   303   140      0.670     -1.050      2.190      2.520      0.000
   709         21  (g)                -51   528     0   878   878   247   320      0.027     -0.605      3.735      3.783      0.000
   710         21  (g)                -51   528     0   884   884   320   139      0.506     -0.100     15.464     15.473      0.000
   711          2  (u)                -52   480   480   871   871   139     0      1.796     -1.833     63.968     64.021      0.330
   712         21  (g)                -51   700     0   765   765   227   321      1.145      0.951     -3.545      3.845      0.000
   713         21  (g)                -51   700     0   779   779   321   317     -0.075     -0.237     -2.034      2.049      0.000
   714         21  (g)                -52   701   701   778   778   317   137     -0.202     -0.233    -14.396     14.399      0.000
   715         21  (g)                -51   505     0   792   792   164   322     -3.736      2.402     -3.841      5.872      0.000
   716         21  (g)                -51   505     0   812   812   322   256     -0.205      0.502     -0.848      1.006      0.000
   717         21  (g)                -52   506   506   739   740   256   109      0.093     -0.207     -0.233      0.326      0.000
   718         21  (g)                -51   518     0   803   803   217   325     -1.320     -0.852     -1.698      2.313      0.000
   719         21  (g)                -51   518     0   813   813   325   260     -2.134     -0.430     -1.143      2.459      0.000
   720         21  (g)                -52   517   517   784   784   260   162     -0.519     -0.587     -0.824      1.137      0.000
   721         21  (g)                -51   521     0   834   834   326   261      0.591      0.670    -11.611     11.646      0.000
   722         21  (g)                -51   521     0   840   840   192   326      0.266     -0.187     -1.181      1.225      0.000
   723         21  (g)                -53   817   817   522   522   192   191     -0.000      0.000    -45.403     45.403      0.000
   724         21  (g)                -51   287     0   793   793   193   327      1.013     -1.254      5.820      6.040      0.000
   725         21  (g)                -51   287     0   814   814   327   187      0.761      0.022      4.144      4.214      0.000
   726         21  (g)                -52   666   666   787   787   187   198      1.924     -1.827      6.891      7.384      0.000
   727         21  (g)                -51   586     0   873   873   132   328     -0.808      0.705      3.697      3.850      0.000
   728         21  (g)                -51   586     0   885   885   328   262     -0.913      1.193     11.319     11.418      0.000
   729         21  (g)                -52   527   527   880   880   262   247     -0.333     -0.011      1.066      1.117      0.000
   730         21  (g)                -51   560     0   749   749   271   329    -24.013     -2.575   1143.021   1143.276      0.000
   731         21  (g)                -51   560     0   780   780   329   105     -2.982      0.228    137.173    137.206      0.000
   732         21  (g)                -53   745   745   606   606   101   105      0.000     -0.000   1755.199   1755.199      0.000
   733         21  (g)                -51   582     0   896   896   134   330      0.333     -0.567      0.638      0.916      0.000
   734         21  (g)                -51   582     0   897   897   330   278     -0.331      0.246      0.430      0.596      0.000
   735         21  (g)                -52   581   581   889   889   278   243      2.969      2.255     12.360     12.910      0.000
   736         21  (g)                -51   569     0   823   823   274   331     -4.041      1.868     13.091     13.827      0.000
   737         21  (g)                -51   569     0   841   841   331   121      0.066     -0.236      1.522      1.542      0.000
   738         21  (g)                -53   816   816   615   615   128   121      0.000     -0.000     69.328     69.328      0.000
   739         21  (g)                -51   717     0   802   802   256   332     -0.155      0.311     -0.226      0.414      0.000
   740         21  (g)                -51   717     0   815   815   332   109      0.023     -0.174      0.793      0.812      0.000
   741         21  (g)                -52   578   578   790   790   109   277     -1.791      2.745      6.377      7.169      0.000
   742         21  (g)                -51   684     0   943   943   170   333     -0.040      0.687      5.089      5.135      0.000
   743         21  (g)                -51   684     0   949   949   333   190      0.405      0.004      0.886      0.974      0.000
   744         21  (g)                -53   939   939   541   541   169   190      0.000      0.000     10.711     10.711      0.000
   745         21  (g)                -61     1     0   732   732   101   105     -1.796     -1.770   1755.198   1755.200      0.000
   746         21  (g)                -61     2     0   702   702   165   131      0.715     -2.053  -1621.143   1621.145      0.000
   747          6  (t)                -62   376   376   996   997   103     0     61.426    -53.146   -394.285    438.985    175.071
   748         -6  (tbar)             -62   188   188   998   999     0   102    -33.899     53.040   -694.045    716.794    167.729
   749         21  (g)                -62   730   730  1440  1440   271   329    -25.183     -3.728   1143.003   1143.287      0.000
   750         21  (g)                -62   604   604  1481  1481   285   107      2.601      0.431     11.628     11.923      0.000
   751         -3  (sbar)             -62   177   177  1450  1450     0   129      0.356      3.198     -2.064      3.855      0.500
   752         21  (g)                -62   496   496  1449  1449   129   254     -0.659      2.362      0.427      2.489      0.000
   753          2  (u)                -62   685   685  1484  1484   185     0      0.277      0.557      0.656      0.962      0.330
   754         21  (g)                -62   590   590  1443  1443   281   138      0.474      0.058     51.602     51.604      0.000
   755          3  (s)                -62   565   565  1112  1112   167     0      0.900     -7.607     16.825     18.494      0.500
   756         21  (g)                -62   484   484  1424  1424   165   250      1.829     -1.220   -460.987    460.993      0.000
   757          1  (d)                -62   273   273  1121  1121   102     0      0.600      2.435     -2.546      3.588      0.330
   758         21  (g)                -62   657   657  1043     0   293   185     -0.004      0.037     -0.023      0.044      0.000
   759         -1  (dbar)             -62   563   563  1114  1114     0   272     -0.938     -0.257      0.489      1.137      0.330
   760         21  (g)                -62   562   562  1442  1442   138   199     -1.019     -0.750     69.404     69.416      0.000
   761         21  (g)                -62   691   691  1066     0   204   313     -0.145      0.321      0.360      0.504      0.000
   762         21  (g)                -62   592   592  1065     0   225   205     -0.725      0.317     36.979     36.988      0.000
   763         21  (g)                -62   486   486  1422  1422   221   103      0.417     -0.897     -4.657      4.761      0.000
   764         21  (g)                -62   457   457  1065     0   240   225     -0.445      0.309     23.065     23.072      0.000
   765         21  (g)                -62   712   712  1141  1141   227   321      1.147      0.946     -3.545      3.844      0.000
   766         21  (g)                -62   693   693  1446  1446   122   240      0.831      1.062     16.003     16.060      0.000
   767         21  (g)                -62   485   485  1423  1423   250   221      0.135      0.108     -1.560      1.570      0.000
   768         21  (g)                -62   497   497  1066     0   254   204     -0.555      0.244      0.805      1.008      0.000
   769         21  (g)                -62   561   561  1441  1441   199   271     -3.722     -1.095    174.305    174.348      0.000
   770         21  (g)                -62   564   564  1113  1113   272   167      0.021     -1.200      0.490      1.296      0.000
   771         21  (g)                -62   633   633  1044     0   107   273     -0.284      0.404      0.160      0.519      0.000
   772         21  (g)                -62   591   591  1444  1444   205   281     -0.544     -0.449     26.552     26.561      0.000
   773         21  (g)                -62   605   605  1480  1480   101   285      0.341     -0.543      2.194      2.286      0.000
   774         21  (g)                -62   655   655  1044     0   273   301     -1.824      0.832      0.116      2.008      0.000
   775         21  (g)                -62   656   656  1043     0   301   293     -0.375      0.851     -0.346      0.993      0.000
   776         -2  (ubar)             -62   686   686  1142  1142     0   227      0.345     -0.114     -0.269      0.560      0.330
   777         21  (g)                -62   692   692  1447  1447   313   122      0.932      0.071      2.578      2.742      0.000
   778         21  (g)                -62   714   714  1045     0   317   131     -0.196     -0.251    -14.396     14.400      0.000
   779         21  (g)                -62   713   713  1045     0   321   317     -0.074     -0.239     -2.034      2.049      0.000
   780         21  (g)                -62   731   731  1439  1439   329   105     -3.123      0.090    137.171    137.207      0.000
   781         21  (g)                -61     1     0   474   474   181   115      0.843      0.640     52.052     52.063      0.000
   782         21  (g)                -61     2     0   675   675   133   116     -0.710     -1.416  -1367.425   1367.426      0.000
   783         21  (g)                -62   472   472  1566  1566   245   292      5.520     -4.440   -117.613    117.826      0.000
   784         21  (g)                -62   720   720  1049     0   260   162     -0.517     -0.586     -0.816      1.129      0.000
   785         21  (g)                -62   616   616  1055     0   194   280      0.169      0.187     -1.709      1.727      0.000
   786         21  (g)                -62   580   580  1190  1190   153   241     -2.148      3.176      3.290      5.052      0.000
   787         21  (g)                -62   726   726  1085     0   187   188      2.040     -1.740      6.886      7.390      0.000
   788         21  (g)                -62    47    47  1562  1562   111   116      5.455     -2.530  -1132.241   1132.257      0.000
   789         21  (g)                -62   679   679  1338  1338   309   156     -0.477      1.013     -0.530      1.239      0.000
   790         21  (g)                -62   741   741  1111     0   109   196     -1.681      2.828      6.372      7.171      0.000
   791         21  (g)                -62   646   646  1162  1162   162   149      0.066      0.161     -1.010      1.025      0.000
   792         21  (g)                -62   715   715  1157  1157   164   322     -3.722      2.410     -3.826      5.857      0.000
   793         21  (g)                -62   724   724  1298  1298   193   327      1.109     -1.181      5.820      6.041      0.000
   794         -3  (sbar)             -62   523   523  1086     0     0   290     -1.582      0.366      2.264      2.831      0.500
   795         21  (g)                -62   673   673  1060     0   307   258     -0.048      0.143     -0.684      0.700      0.000
   796         21  (g)                -62   664   664  1089     0   304   226      0.565     -0.389      7.545      7.576      0.000
   797         21  (g)                -62   519   519  1050     0   141   244     -0.409     -0.431      0.145      0.611      0.000
   798         21  (g)                -62   428   428  1347  1347   231   213      0.825      0.946    -44.652     44.670      0.000
   799         21  (g)                -62   648   648  1052     0   235   166     -0.925     -0.079     -0.624      1.119      0.000
   800         21  (g)                -62   525   525  1189  1189   241   114     -1.016      2.653      1.263      3.109      0.000
   801         21  (g)                -62   473   473  1568  1568   108   208      0.826     -1.458    -13.994     14.094      0.000
   802         21  (g)                -62   739   739  1051     0   256   186     -0.153      0.312     -0.226      0.415      0.000
   803         21  (g)                -62   718   718  1048     0   217   325     -1.316     -0.851     -1.681      2.298      0.000
   804          3  (s)                -62   524   524  1188  1188   114     0     -0.141      0.035      0.130      0.537      0.500
   805         21  (g)                -62   579   579  1103     0   277   291     -0.198      0.024      0.011      0.200      0.000
   806         21  (g)                -62   636   636  1343  1343   289   169     -1.302      0.539     -3.934      4.179      0.000
   807         21  (g)                -62   681   681  1054     0   110   295     -0.048     -0.027     -0.323      0.328      0.000
   808         21  (g)                -62   647   647  1053     0   298   176     -0.504     -1.282     -2.271      2.656      0.000
   809         21  (g)                -62   665   665  1093     0   198   311      1.529     -0.131      6.391      6.573      0.000
   810         21  (g)                -62   674   674  1056     0   112   237     -0.181     -0.873    -30.846     30.859      0.000
   811         21  (g)                -62   680   680  1059     0   294   232     -0.137      0.441     -1.470      1.541      0.000
   812         21  (g)                -62   716   716  1051     0   322   256     -0.204      0.502     -0.849      1.008      0.000
   813         21  (g)                -62   719   719  1164  1164   325   296     -2.125     -0.424     -1.122      2.440      0.000
   814         21  (g)                -62   725   725  1297  1297   327   175      0.829      0.074      4.137      4.220      0.000
   815         21  (g)                -62   740   740  1099     0   332   247      0.036     -0.164      0.794      0.812      0.000
   816         21  (g)                -61     1     0   738   738   191   191      0.907     -1.274     69.301     69.319      0.000
   817         21  (g)                -61     2     0   723   723   121   121      2.639      1.660    -45.363     45.470      0.000
   818         21  (g)                -62   516   516  1080     0   168   147      2.802     -3.133      2.505      4.893      0.000
   819         21  (g)                -62   435   435  1340  1340   119   294     -1.012      5.762    -21.267     22.057      0.000
   820         21  (g)                -62   651   651  1081     0   117   140     -0.076     -0.108      0.185      0.227      0.000
   821         21  (g)                -62   658   658  1109     0   302   331      0.889     -1.543      8.579      8.762      0.000
   822         21  (g)                -62   359   359  1046     0   120   197     -0.192     -0.138     -0.216      0.321      0.000
   823         21  (g)                -62   736   736  1196  1196   274   132     -3.845      1.635     13.046     13.699      0.000
   824         21  (g)                -62   613   613  1092     0   288   333      1.581      0.475      5.734      5.967      0.000
   825         21  (g)                -62   285   285  1098     0   118   274     -0.366     -0.011      1.087      1.147      0.000
   826         21  (g)                -62   628   628  1077     0   261   238      0.671     -0.359     -0.965      1.229      0.000
   827         21  (g)                -62   571   571  1106     0   214   262     -0.667     -0.246      2.547      2.644      0.000
   828         21  (g)                -62   649   649  1100     0   299   178     -0.963      1.003      3.059      3.360      0.000
   829         21  (g)                -62   514   514  1069     0   216   300      1.151     -1.475      0.222      1.884      0.000
   830         21  (g)                -62   358   358  1167  1167   215   141     -0.806     -2.478      1.044      2.807      0.000
   831         21  (g)                -62   660   660  1091     0   175   207      0.508      0.323      2.981      3.041      0.000
   832         21  (g)                -62   630   630  1059     0   232   309     -0.321      0.599     -1.469      1.619      0.000
   833         21  (g)                -62   515   515  1070     0   259   168      2.078     -1.376      1.974      3.180      0.000
   834         21  (g)                -62   721   721  1062     0   326   194      1.268      1.095    -11.569     11.690      0.000
   835         21  (g)                -62   570   570  1105     0   174   222     -1.295      1.390      4.737      5.103      0.000
   836         21  (g)                -62   614   614  1085     0   128   187      0.768     -0.594      2.330      2.524      0.000
   837         21  (g)                -62   629   629  1071     0   292   283      0.123     -0.102     -3.229      3.233      0.000
   838         21  (g)                -62   650   650  1102     0   196   234      0.184      0.868      1.200      1.492      0.000
   839         21  (g)                -62   659   659  1089     0   226   183      0.642     -0.793     11.088     11.135      0.000
   840         21  (g)                -62   722   722  1072     0   192   108      0.336     -0.144     -1.179      1.234      0.000
   841         21  (g)                -62   737   737  1099     0   331   332      0.087     -0.264      1.517      1.542      0.000
   842         21  (g)                -61     1     0   489   489   127   127     -0.152     -0.159    358.521    358.521      0.000
   843         21  (g)                -61     2     0   603   603   123   123      0.679     -0.210  -1289.121   1289.121      0.000
   844         21  (g)                -62   487   487  1061     0   173   126     -0.845      2.878   -275.563    275.579      0.000
   845         21  (g)                -62   409   409  1067     0   124   239      6.035     -2.149     -2.805      6.994      0.000
   846         21  (g)                -62   601   601  1063     0   125   249     -2.009     -1.552   -116.299    116.326      0.000
   847         21  (g)                -62   705   705  1083     0   130   128      0.382      0.152      1.119      1.193      0.000
   848         21  (g)                -62   706   706  1108     0   319   152      0.317      0.222      0.141      0.412      0.000
   849         21  (g)                -62   413   413  1075     0   146   242      0.494     -1.184      0.011      1.283      0.000
   850         21  (g)                -62   708   708  1300  1300   303   228      0.670     -1.051      2.191      2.520      0.000
   851         21  (g)                -62   621   621  1052     0   166   164     -1.538      0.285     -1.148      1.941      0.000
   852         21  (g)                -62   600   600  1563  1563   182   111      4.012      1.988   -454.774    454.796      0.000
   853         21  (g)                -62   450   450  1159  1159   176   235     -0.952     -0.661     -2.447      2.708      0.000
   854         21  (g)                -62   598   598  1061     0   126   125     -0.215      1.434   -124.814    124.822      0.000
   855         21  (g)                -62   577   577  1056     0   237   212     -0.007     -0.245    -10.529     10.531      0.000
   856         21  (g)                -62   471   471  1508  1508   229   144      0.809      0.017    337.227    337.228      0.000
   857         21  (g)                -62   449   449  1046     0   197   217     -0.200     -0.135     -0.248      0.346      0.000
   858         21  (g)                -62   663   663  1109     0   152   302      0.688     -0.718      4.927      5.027      0.000
   859         21  (g)                -62   575   575  1350  1350   276   307     -1.698      0.100    -34.502     34.544      0.000
   860         21  (g)                -62   488   488  1073     0   251   172      0.726      1.337    -93.258     93.270      0.000
   861         21  (g)                -62   703   703  1087     0   264   252     -2.097      0.015      2.133      2.991      0.000
   862         21  (g)                -62   576   576  1063     0   249   112     -0.822     -0.771    -39.810     39.826      0.000
   863         21  (g)                -62   599   599  1071     0   283   210      0.309     -0.157    -13.748     13.752      0.000
   864         21  (g)                -62   602   602  1540  1540   133   286     -0.123     -0.162   -114.376    114.376      0.000
   865         21  (g)                -62   620   620  1086     0   290   318     -0.813      0.225      1.303      1.553      0.000
   866         21  (g)                -62   662   662  1050     0   244   120     -0.180     -0.107      0.053      0.216      0.000
   867         21  (g)                -62   704   704  1094     0   318   264     -2.085      0.442      3.797      4.354      0.000
   868         21  (g)                -62   707   707  1081     0   140   303     -0.331     -0.575      0.818      1.053      0.000
   869          2  (u)                -61     1     0   214   214   131     0     -0.374     -1.398    143.760    143.767      0.000
   870         -1  (dbar)             -61     2     0   215   215     0   131     -1.601     -0.449    -12.530     12.640      0.000
   871          2  (u)                -62   711   711  1233  1243   139     0      1.626     -2.456     63.886     63.955      0.330
   872         -1  (dbar)             -62   454   454  1233  1243     0   139      0.736     -3.235    -10.009     10.550      0.330
   873         21  (g)                -62   727   727  1195  1195   132   174     -0.828      0.665      3.739      3.887      0.000
   874         21  (g)                -62   493   493  1101     0   253   109     -1.029      1.271      2.935      3.359      0.000
   875         21  (g)                -62   694   694  1583  1583   177   328     -1.524      0.764     23.560     23.622      0.000
   876         21  (g)                -62   627   627  1102     0   234   277      0.138      0.787      0.947      1.239      0.000
   877         21  (g)                -62   625   625  1077     0   239   261      1.142     -0.084     -1.178      1.643      0.000
   878         21  (g)                -62   709   709  1104     0   247   157      0.014     -0.643      3.741      3.796      0.000
   879         21  (g)                -62   696   696  1578  1578   151   134     -0.900      0.139      4.844      4.929      0.000
   880         21  (g)                -62   729   729  1098     0   262   118     -0.339     -0.023      1.088      1.139      0.000
   881         21  (g)                -62   585   585  1302  1302   279   184     -0.261     -0.330      0.332      0.536      0.000
   882         21  (g)                -62   626   626  1103     0   291   330     -0.291      0.199      0.053      0.357      0.000
   883         21  (g)                -62   695   695  1078     0   314   135      0.023      0.270     10.493     10.497      0.000
   884         21  (g)                -62   710   710  1097     0   320   209      0.465     -0.251     15.436     15.445      0.000
   885         21  (g)                -62   728   728  1582  1582   328   180     -0.949      1.080     11.362     11.452      0.000
   886          1  (d)                -61     1     0   312   312   133     0      1.331     -0.099    443.433    443.435      0.000
   887         -1  (dbar)             -61     2     0   313   313     0   133      0.174     -0.078    -59.811     59.812      0.000
   888          1  (d)                -62   572   572  1389  1389   275     0      1.131     -0.876     76.820     76.834      0.330
   889         21  (g)                -62   735   735  1295  1295   278   288      3.008      2.252     12.359     12.917      0.000
   890         21  (g)                -62   445   445  1064     0   236   246     -0.436     -0.305     25.889     25.895      0.000
   891         -1  (dbar)             -62   583   583  1390  1390     0   275     -0.685     -0.998    -59.205     59.218      0.330
   892         21  (g)                -62   574   574  1509  1509   136   229     -0.496     -0.905     94.958     94.963      0.000
   893         21  (g)                -62   468   468  1584  1584   135   177     -1.846      2.216     67.109     67.171      0.000
   894         21  (g)                -62   467   467  1076     0   243   268      0.131      1.323      9.782      9.872      0.000
   895         21  (g)                -62   573   573  1286  1286   209   145      0.693     -2.562    154.841    154.864      0.000
   896         21  (g)                -62   733   733  1577  1577   134   233      0.336     -0.567      0.638      0.917      0.000
   897         21  (g)                -62   734   734  1110     0   330   153     -0.329      0.245      0.430      0.595      0.000
   898         21  (g)                -61     1     0   202   202   150   143     -1.486      2.303   1488.612   1488.614      0.000
   899         -2  (ubar)             -61     2     0   432   432     0   150      1.059      0.060     -1.709      2.011      0.000
   900         21  (g)                -62   204   204  1511  1511   142   236     -0.729     -1.403     77.329     77.345      0.000
   901         21  (g)                -62   538   538  1505  1505   266   115     -0.861      2.401    429.658    429.665      0.000
   902          2  (u)                -62   430   430  1285  1285   145     0     -0.225     -1.132    106.140    106.147      0.330
   903         -2  (ubar)             -62   436   436  1223  1223     0   143      1.047      2.388     -0.125      2.631      0.330
   904         21  (g)                -62   438   438  1095     0   184   117     -1.216     -1.117      2.730      3.190      0.000
   905         21  (g)                -62   699   699  1100     0   222   299     -0.123      0.108      0.371      0.405      0.000
   906         -2  (ubar)             -62   431   431  1512  1512     0   142      0.911     -2.682    114.875    114.910      0.330
   907         21  (g)                -62   437   437  1070     0   233   259      0.616     -0.311      0.588      0.907      0.000
   908         21  (g)                -62   667   667  1506  1506   305   266      0.467      2.087    390.473    390.478      0.000
   909         21  (g)                -62   678   678  1507  1507   144   305     -0.292      1.117    352.820    352.822      0.000
   910         21  (g)                -62   697   697  1090     0   315   220      0.157     -0.182      3.635      3.643      0.000
   911         21  (g)                -62   698   698  1068     0   308   243     -0.180      1.089      8.409      8.481      0.000
   912          1  (d)                -61     1     0   499   499   105     0      0.426      1.077     37.590     37.608      0.000
   913         21  (g)                -61     2     0   537   537   116   105      0.489      1.621   -459.698    459.702      0.000
   914          1  (d)                -62   535   535  1561  1561   116     0     -0.850      2.583     30.123     30.248      0.330
   915         21  (g)                -62   609   609  1080     0   147   216      1.207     -1.895      1.114      2.508      0.000
   916          1  (d)                -62   607   607  1541  1541   286     0      1.611     -0.063   -103.390    103.403      0.330
   917         -1  (dbar)             -62   504   504  1356  1356     0   173     -0.363      1.275   -354.048    354.050      0.330
   918         21  (g)                -62   536   536  1074     0   148   170     -0.557      1.202      5.485      5.643      0.000
   919         21  (g)                -62   608   608  1047     0   149   257     -0.134     -0.404     -1.394      1.457      0.000
   920         21  (g)                -61     1     0   360   360   115   143      1.015     -0.119     51.791     51.801      0.000
   921          1  (d)                -61     2     0   559   559   143     0     -0.707     -0.974     -9.968     10.041      0.000
   922         21  (g)                -62   553   553  1076     0   268   148      0.367      1.158     11.155     11.221      0.000
   923         -1  (dbar)             -62   557   557  1168  1168     0   215     -1.044     -0.391     -0.208      1.181      0.330
   924         21  (g)                -62   550   550  1107     0   157   310     -0.261     -0.375      1.874      1.929      0.000
   925         21  (g)                -62   551   551  1088     0   269   218      1.642      0.532     17.401     17.486      0.000
   926          1  (d)                -62   366   366  1504  1504   115     0     -1.591     -1.430     -8.700      8.965      0.330
   927         21  (g)                -62   404   404  1084     0   228   159      0.413     -0.590      1.655      1.805      0.000
   928         21  (g)                -62   549   549  1586  1586   181   201      0.538      0.201     13.779     13.791      0.000
   929         21  (g)                -62   552   552  1091     0   207   278      0.685      0.708      3.924      4.046      0.000
   930          1  (d)                -62   558   558  1337  1337   156     0     -0.440     -0.905      0.942      1.417      0.330
   931         21  (g)                -61     1     0   377   377   160   101      0.922      0.561     18.231     18.263      0.000
   932          1  (d)                -61     2     0   378   378   101     0     -0.629      2.984   -173.995    174.022      0.000
   933         21  (g)                -62   511   511  1060     0   258   287     -0.615      1.889    -14.102     14.241      0.000
   934         21  (g)                -62   589   589  1084     0   159   179      0.665     -0.890      2.859      3.067      0.000
   935         21  (g)                -62   381   381  1288  1288   183   315      0.491     -1.295     15.059     15.123      0.000
   936          1  (d)                -62   382   382  1244  1244   160     0     -0.808      3.634   -152.194    152.240      0.330
   937         21  (g)                -62   587   587  1055     0   280   270      0.562      0.792     -6.355      6.429      0.000
   938         21  (g)                -62   588   588  1053     0   161   298     -0.003     -0.585     -1.031      1.185      0.000
   939         21  (g)                -61     1     0   744   744   267   267     -1.366      0.534     10.664     10.765      0.000
   940         21  (g)                -61     2     0   542   542   190   190     -0.146      0.609    -89.994     89.996      0.000
   941         21  (g)                -62   610   610  1342  1342   169   223     -2.107      0.043    -12.813     12.985      0.000
   942         21  (g)                -62   642   642  1572  1572   171   306      1.257     -0.591      0.358      1.434      0.000
   943         21  (g)                -62   742   742  1074     0   170   151     -0.692      0.942      5.050      5.183      0.000
   944         21  (g)                -62   682   682  1049     0   296   260     -0.111     -0.121     -0.119      0.203      0.000
   945         21  (g)                -62   612   612  1073     0   172   182      0.444      0.787    -67.217     67.223      0.000
   946         21  (g)                -62   611   611  1348  1348   287   231     -0.370      0.728     -9.042      9.078      0.000
   947         21  (g)                -62   641   641  1082     0   195   269      0.174      0.015      1.356      1.367      0.000
   948         21  (g)                -62   683   683  1107     0   310   214     -0.393     -0.710      2.190      2.335      0.000
   949         21  (g)                -62   743   743  1083     0   333   130      0.286      0.051      0.907      0.953      0.000
   950         -1  (dbar)             -61     1     0   348   348     0   131     -2.742     -0.711    241.165    241.182      0.000
   951          2  (u)                -61     2     0   349   349   131     0     -0.677     -2.881    -75.487     75.545      0.000
   952         -1  (dbar)             -62   690   690  1405  1405     0   263     -3.274     -0.424    161.668    161.703      0.330
   953          3  (s)                -62   622   622  1155  1155   186     0      0.469      1.169      0.108      1.359      0.500
   954         21  (g)                -62   490   490  1087     0   252   279     -0.398     -0.015      0.301      0.499      0.000
   955         21  (g)                -62   670   670  1067     0   306   124      0.090     -0.039     -0.045      0.108      0.000
   956         21  (g)                -62   354   354  1101     0   178   253     -0.350      0.396      0.891      1.036      0.000
   957         21  (g)                -62   624   624  1096     0   179   193      0.290     -0.874      2.763      2.912      0.000
   958          2  (u)                -62   645   645  1404  1404   263     0     -0.568     -2.635    -41.803     41.891      0.330
   959         21  (g)                -62   464   464  1075     0   242   171      0.325     -0.509     -0.227      0.645      0.000
   960         21  (g)                -62   688   688  1082     0   311   195      0.119     -0.018      0.717      0.727      0.000
   961         21  (g)                -62   652   652  1069     0   300   146      0.161     -0.185     -0.010      0.245      0.000
   962         21  (g)                -62   643   643  1567  1567   208   245      0.348     -0.505     -9.187      9.207      0.000
   963         -3  (sbar)             -62   623   623  1108     0     0   319      0.315      1.200      0.896      1.610      0.500
   964         21  (g)                -62   644   644  1057     0   297   203     -0.885     -0.705    -22.446     22.474      0.000
   965         21  (g)                -62   653   653  1292  1292   188   198      1.163     -0.548      3.705      3.921      0.000
   966         21  (g)                -62   671   671  1068     0   180   308     -0.113      0.493      4.022      4.054      0.000
   967         21  (g)                -62   689   689  1064     0   246   136     -1.112     -0.394     64.323     64.334      0.000
   968         21  (g)                -61     1     0   510   510   202   202      0.636      1.220     66.365     66.380      0.000
   969         21  (g)                -61     2     0   309   309   200   200     -1.271     -0.619    -55.777     55.795      0.000
   970         21  (g)                -62   637   637  1057     0   203   276     -2.085     -1.251    -49.234     49.294      0.000
   971         21  (g)                -62   311   311  1078     0   201   314      1.254      2.336     66.219     66.272      0.000
   972         21  (g)                -62   554   554  1344  1344   270   289      0.588      0.332     -3.052      3.126      0.000
   973         21  (g)                -62   639   639  1047     0   257   161     -0.127     -0.609     -1.864      1.965      0.000
   974         21  (g)                -62   638   638  1058     0   295   119     -0.265     -0.206     -1.480      1.518      0.000
   975         21  (g)                -61     1     0   421   421   230   230      2.188     -1.326     -9.039      9.394      0.000
   976         21  (g)                -61     2     0   422   422   211   211      0.224      1.715   -123.491    123.503      0.000
   977         21  (g)                -62   453   453  1352  1352   212   297     -0.329     -0.418     -6.036      6.059      0.000
   978         21  (g)                -62   424   424  1054     0   223   110     -0.520     -0.214     -3.784      3.825      0.000
   979         21  (g)                -62   451   451  1072     0   238   192      0.995     -0.738     -3.348      3.570      0.000
   980         21  (g)                -62   426   426  1079     0   210   251      1.185      1.405   -109.431    109.447      0.000
   981         21  (g)                -62   452   452  1346  1346   213   326      1.081      0.354     -9.930      9.995      0.000
   982         21  (g)                -61     1     0   593   593   143   160     -0.141     -0.586     38.515     38.520      0.000
   983         -3  (sbar)             -61     2     0   594   594     0   143     -0.553     -0.255      0.392      0.724      0.000
   984         21  (g)                -62   595   595  1090     0   220   320      0.743     -1.099     30.246     30.275      0.000
   985         -3  (sbar)             -62   596   596  1245  1245     0   160     -1.688      0.165      5.101      5.398      0.500
   986         21  (g)                -62   597   597  1088     0   218   304      0.251      0.093      3.561      3.571      0.000
   987          2  (u)                -63     1     0  1538  1538   335     0     -0.066      0.557   1007.706   1007.706      0.330
   988         -1  (dbar)             -63     1     0  1587  1587     0   181     -0.117      0.505    479.918    479.919      0.330
   989          1  (d)                -63     1     0  1222  1222   143     0     -0.030      0.046    235.718    235.718      0.330
   990          2  (u)                -63     2     0  1479  1479   338     0      0.058      0.152   -728.966    728.966      0.330
   991          1  (d)                -63     2     0  1539  1539   150     0     -0.871     -0.277    -16.337     16.366      0.330
   992          1  (d)                -63     2     0  1139  1139   131     0      0.261     -0.003   -260.866    260.867      0.330
   993          2  (u)                -63     2     0  1478  1478   341     0      0.548      0.365    -81.966     81.969      0.330
   994         -1  (dbar)             -63     2     0  1425  1425     0   165      0.285     -0.297    -16.061     16.069      0.330
   995          3  (s)                -63     2     0  1438  1438   105     0      0.035      0.344     -0.183      0.635      0.500
   996         24  (W+)               -22   747     0  1018  1019     0     0     40.974    -27.088   -394.317    405.514     80.890
   997          5  (b)                -23   747     0  1421  1421   103     0     20.451    -26.058      0.032     33.471      4.800
   998        -24  (W-)               -22   748     0  1002  1002     0     0    -32.264     35.624   -692.883    698.618     75.299
   999         -5  (bbar)             -23   748     0  1000  1001     0   102     -1.635     17.416     -1.162     18.176      4.800
  1000         -5  (bbar)             -51   999     0  1011  1011     0   352     -0.692     18.325     -5.006     19.606      4.800
  1001         21  (g)                -51   999     0  1003  1004   352   102     -1.080     -0.792      0.828      1.574      0.000
  1002        -24  (W-)               -52   998   998  1005  1005     0     0    -32.127     35.507   -689.866    695.614     75.299
  1003         21  (g)                -51  1001     0  1008  1008   352   353      0.992     -0.738      0.575      1.363      0.000
  1004         21  (g)                -51  1001     0  1006  1007   353   102     -2.329      0.292     -6.030      6.471      0.000
  1005        -24  (W-)               -52  1002  1002  1009  1010     0     0    -31.869     35.160   -683.584    689.354     75.299
  1006         21  (g)                -51  1004     0  1014  1014   354   102     -0.022      0.063      0.445      0.450      0.000
  1007         21  (g)                -51  1004     0  1012  1013   353   354     -1.927     -0.055     -6.254      6.545      0.000
  1008         21  (g)                -52  1003  1003  1017  1017   352   353      0.611     -0.454      0.354      0.840      0.000
  1009        -24  (W-)               -51  1005     0  1020  1021     0     0    -31.874     35.131   -683.407    689.177     75.299
  1010         22  gamma               51  1005     0     0     0     0     0      0.004      0.034     -0.178      0.181      0.000
  1011         -5  (bbar)             -52  1000  1000  1127  1127     0   352     -0.692     18.321     -5.005     19.602      4.800
  1012         21  (g)                -51  1007     0  1015  1016   353   355     -0.403     -0.050     -3.191      3.217      0.000
  1013         21  (g)                -51  1007     0  1123  1123   355   354     -1.527      0.003     -3.014      3.378      0.000
  1014         21  (g)                -52  1006  1006  1122  1122   354   102     -0.019      0.056      0.396      0.400      0.000
  1015         21  (g)                -51  1012     0  1124  1124   356   355     -0.635      0.083     -2.747      2.820      0.000
  1016         21  (g)                -51  1012     0  1125  1125   353   356      0.351     -0.221     -0.375      0.559      0.000
  1017         21  (g)                -52  1008  1008  1126  1126   352   353      0.492     -0.366      0.285      0.677      0.000
  1018        -15  (tau+)             -23   996     0  1928  1930     0     0    -20.774     -3.338   -179.569    180.806      1.777
  1019         16  nu_tau              23   996     0     0     0     0     0     61.749    -23.750   -214.747    224.708      0.000
  1020          3  (s)                -23  1009     0  1024  1024   104     0     -9.129     54.327   -533.497    536.334      0.500
  1021         -4  (cbar)             -23  1009     0  1022  1023     0   104    -22.745    -19.196   -149.910    152.844      1.500
  1022         -4  (cbar)             -51  1021     0  1266  1266     0   357    -18.068    -12.016    -82.169     84.999      1.500
  1023         21  (g)                -51  1021     0  1027  1027   357   104     -5.133     -4.467    -94.380     94.625      0.000
  1024          3  (s)                -52  1020  1020  1025  1026   104     0     -8.673     51.614   -506.858    509.554      0.500
  1025          3  (s)                -51  1024     0  1258  1258   358     0     -1.230     27.315   -225.313    226.967      0.500
  1026         21  (g)                -51  1024     0  1028  1029   104   358     -8.071     23.752   -293.092    294.164      0.000
  1027         21  (g)                -52  1023  1023  1030  1030   357   104     -4.505     -3.920    -82.833     83.048      0.000
  1028         21  (g)                -51  1026     0  1042  1042   359   358     -1.690      9.464   -108.927    109.351      0.000
  1029         21  (g)                -51  1026     0  1031  1032   104   359     -6.488     14.195   -186.122    186.776      0.000
  1030         21  (g)                -52  1027  1027  1033  1033   357   104     -4.398     -3.828    -80.875     81.085      0.000
  1031         21  (g)                -51  1029     0  1036  1036   360   359     -4.543      7.569   -106.364    106.730      0.000
  1032         21  (g)                -51  1029     0  1034  1035   104   360     -2.012      6.568    -80.993     81.284      0.000
  1033         21  (g)                -52  1030  1030  1265  1265   357   104     -4.331     -3.769    -79.640     79.846      0.000
  1034         21  (g)                -51  1032     0  1037  1038   104   361     -1.673      4.022    -62.084     62.237      0.000
  1035         21  (g)                -51  1032     0  1039  1039   361   360     -3.963      8.582   -103.742    104.172      0.000
  1036         21  (g)                -52  1031  1031  1040  1041   360   359     -0.920      1.532    -21.531     21.605      0.000
  1037         21  (g)                -51  1034     0  1264  1264   104   363     -2.565      4.598    -69.248     69.448      0.000
  1038         21  (g)                -51  1034     0  1263  1263   363   361     -0.966      3.449    -41.487     41.641      0.000
  1039         21  (g)                -52  1035  1035  1262  1262   361   360     -2.104      4.558    -55.091     55.319      0.000
  1040         21  (g)                -51  1036     0  1261  1261   360   364     -1.794      6.452    -78.672     78.956      0.000
  1041         21  (g)                -51  1036     0  1260  1260   364   359     -0.014      0.057     -0.135      0.147      0.000
  1042         21  (g)                -52  1028  1028  1259  1259   359   358     -0.801      4.488    -51.652     51.852      0.000
  1043         21  (g)                -73   758   775  1483  1483   301   185     -0.379      0.889     -0.370      1.037      0.070
  1044         21  (g)                -73   771   774  1482  1482   107   301     -2.108      1.235      0.276      2.527      0.582
  1045         21  (g)                -73   778   779  1140  1140   321   131     -0.269     -0.490    -16.430     16.449      0.554
  1046         21  (g)                -73   822   857  1048     0   120   217     -0.392     -0.274     -0.465      0.667      0.021
  1047         21  (g)                -73   919   973  1161  1161   149   161     -0.261     -1.013     -3.258      3.423      0.073
  1048         21  (g)                -73   803  1046  1165  1165   120   325     -1.708     -1.124     -2.146      2.965      0.082
  1049         21  (g)                -73   784   944  1163  1163   296   162     -0.628     -0.707     -0.935      1.332      0.086
  1050         21  (g)                -73   797   866  1166  1166   141   120     -0.589     -0.538      0.198      0.827      0.097
  1051         21  (g)                -73   802   812  1156  1156   322   186     -0.357      0.814     -1.076      1.422      0.275
  1052         21  (g)                -73   799   851  1158  1158   235   164     -2.463      0.206     -1.773      3.059      0.329
  1053         21  (g)                -73   808   938  1160  1160   161   176     -0.507     -1.866     -3.302      3.841      0.334
  1054         21  (g)                -73   807   978  1058     0   223   295     -0.568     -0.241     -4.107      4.153      0.033
  1055         21  (g)                -73   785   937  1062     0   194   270      0.731      0.979     -8.064      8.156      0.061
  1056         21  (g)                -73   810   855  1353  1353   112   212     -0.189     -1.118    -41.375     41.391      0.131
  1057         21  (g)                -73   964   970  1351  1351   297   276     -2.970     -1.957    -71.680     71.768      0.222
  1058         21  (g)                -73   974  1054  1341  1341   223   119     -0.833     -0.447     -5.587      5.671      0.223
  1059         21  (g)                -73   811   832  1339  1339   294   309     -0.458      1.041     -2.939      3.159      0.229
  1060         21  (g)                -73   795   933  1349  1349   307   287     -0.663      2.032    -14.786     14.941      0.244
  1061         21  (g)                -73   844   854  1355  1355   173   125     -1.059      4.312   -400.377    400.401      0.316
  1062         21  (g)                -73   834  1055  1345  1345   326   270      1.999      2.074    -19.633     19.846      0.330
  1063         21  (g)                -73   846   862  1354  1354   125   112     -2.830     -2.322   -156.109    156.152      0.469
  1064         21  (g)                -73   890   967  1510  1510   236   136     -1.548     -0.699     90.212     90.229      0.232
  1065         21  (g)                -73   762   764  1445  1445   240   205     -1.170      0.626     60.044     60.059      0.141
  1066         21  (g)                -73   761   768  1448  1448   254   313     -0.701      0.565      1.165      1.512      0.343
  1067         21  (g)                -73   845   955  1571  1571   306   239      6.125     -2.188     -2.850      7.102      0.055
  1068         21  (g)                -73   911   966  1581  1581   180   243     -0.293      1.581     12.431     12.535      0.057
  1069         21  (g)                -73   829   961  1574  1574   216   146      1.312     -1.659      0.212      2.129      0.114
  1070         21  (g)                -73   833   907  1576  1576   233   168      2.695     -1.688      2.563      4.087      0.165
  1071         21  (g)                -73   837   863  1565  1565   292   210      0.432     -0.259    -16.977     16.986      0.171
  1072         21  (g)                -73   840   979  1569  1569   238   108      1.332     -0.881     -4.527      4.805      0.194
  1073         21  (g)                -73   860   945  1079     0   251   182      1.169      2.124   -160.475    160.493      0.228
  1074         21  (g)                -73   918   943  1579  1579   148   151     -1.249      2.144     10.535     10.826      0.253
  1075         21  (g)                -73   849   959  1573  1573   146   171      0.820     -1.693     -0.215      1.928      0.366
  1076         21  (g)                -73   894   922  1580  1580   243   148      0.498      2.481     20.937     21.093      0.384
  1077         21  (g)                -73   826   877  1570  1570   239   238      1.813     -0.443     -2.143      2.872      0.414
  1078         21  (g)                -73   883   971  1585  1585   201   135      1.277      2.606     76.712     76.768      0.507
  1079         21  (g)                -73   980  1073  1564  1564   210   182      2.355      3.530   -269.906    269.940      0.558
  1080         21  (g)                -73   818   915  1575  1575   168   216      4.009     -5.029      3.619      7.401      0.567
  1081         21  (g)                -73   820   868  1095     0   117   303     -0.407     -0.682      1.003      1.280      0.041
  1082         21  (g)                -73   947   960  1093     0   311   269      0.292     -0.003      2.073      2.094      0.051
  1083         21  (g)                -73   847   949  1092     0   333   128      0.669      0.203      2.027      2.145      0.084
  1084         21  (g)                -73   927   934  1096     0   228   179      1.078     -1.481      4.514      4.872      0.098
  1085         21  (g)                -73   787   836  1293  1293   128   188      2.808     -2.333      9.216      9.914      0.128
  1086         -3  (sbar)             -73   794   865  1094     0     0   318     -2.395      0.592      3.568      4.383      0.633
  1087         21  (g)                -73   861   954  1303  1303   264   279     -2.495     -0.000      2.434      3.490      0.183
  1088         21  (g)                -73   925   986  1290  1290   269   304      1.894      0.625     20.962     21.057      0.190
  1089         21  (g)                -73   796   839  1289  1289   304   183      1.207     -1.182     18.633     18.711      0.240
  1090         21  (g)                -73   910   984  1097     0   315   320      0.900     -1.281     33.881     33.918      0.241
  1091         21  (g)                -73   831   929  1296  1296   175   278      1.193      1.031      6.905      7.087      0.244
  1092         21  (g)                -73   824  1083  1294  1294   288   128      2.250      0.678      7.761      8.112      0.246
  1093         21  (g)                -73   809  1082  1291  1291   198   269      1.821     -0.134      8.464      8.667      0.372
  1094         -3  (sbar)             -73  1086   867  1304  1304     0   264     -4.480      1.034      7.365      8.738      0.985
  1095         21  (g)                -73   904  1081  1301  1301   184   303     -1.623     -1.799      3.733      4.470      0.425
  1096         21  (g)                -73   957  1084  1299  1299   228   193      1.369     -2.354      7.277      7.785      0.482
  1097         21  (g)                -73   884  1090  1287  1287   315   209      1.365     -1.532     49.316     49.362      0.578
  1098         21  (g)                -73   825   880  1106     0   262   274     -0.705     -0.034      2.174      2.286      0.028
  1099         21  (g)                -73   815   841  1104     0   331   247      0.123     -0.428      2.311      2.354      0.037
  1100         21  (g)                -73   828   905  1105     0   222   178     -1.085      1.110      3.430      3.765      0.043
  1101         21  (g)                -73   874   956  1111     0   178   109     -1.379      1.666      3.826      4.395      0.064
  1102         21  (g)                -73   838   876  1192  1192   196   277      0.323      1.655      2.147      2.731      0.092
  1103         21  (g)                -73   805   882  1110     0   277   330     -0.490      0.222      0.064      0.557      0.129
  1104         21  (g)                -73   878  1099  1199  1199   331   157      0.137     -1.070      6.052      6.150      0.162
  1105         21  (g)                -73   835  1100  1194  1194   174   178     -2.380      2.500      8.166      8.868      0.207
  1106         21  (g)                -73   827  1098  1197  1197   214   274     -1.372     -0.279      4.721      4.930      0.242
  1107         21  (g)                -73   924   948  1198  1198   157   214     -0.654     -1.085      4.064      4.264      0.253
  1108         -3  (sbar)             -73   963   848  1201  1201     0   152      0.632      1.421      1.037      2.021      0.768
  1109         21  (g)                -73   821   858  1200  1200   152   331      1.577     -2.261     13.506     13.788      0.323
  1110         21  (g)                -73   897  1103  1191  1191   277   153     -0.819      0.468      0.494      1.152      0.438
  1111         21  (g)                -73   790  1101  1193  1193   178   196     -3.060      4.494     10.198     11.567      0.476
  1112          3  (s)                -71   755   755  1115  1120   167     0      0.900     -7.607     16.825     18.494      0.500
  1113         21  (g)                -71   770   770  1115  1120   272   167      0.021     -1.200      0.490      1.296      0.000
  1114         -1  (dbar)             -71   759   759  1115  1120     0   272     -0.938     -0.257      0.489      1.137      0.330
  1115       -311  (Kbar0)            -83  1112  1114  1657  1657     0     0      0.270     -1.856      4.924      5.293      0.498
  1116       -211  pi-                 83  1112  1114     0     0     0     0     -0.149     -1.417      1.876      2.360      0.140
  1117        221  (eta)              -83  1112  1114  1931  1933     0     0      0.366     -1.707      3.375      3.839      0.548
  1118        213  (rho+)             -83  1112  1114  1658  1659     0     0      0.329     -1.472      3.017      3.468      0.809
  1119       -211  pi-                 83  1112  1114     0     0     0     0      0.316     -2.062      3.363      3.960      0.140
  1120        213  (rho+)             -84  1112  1114  1660  1661     0     0     -1.149     -0.550      1.249      2.007      0.920
  1121          1  (d)                -71   757   757  1128  1138   102     0      0.600      2.435     -2.546      3.588      0.330
  1122         21  (g)                -71  1014  1014  1128  1138   354   102     -0.019      0.056      0.396      0.400      0.000
  1123         21  (g)                -71  1013  1013  1128  1138   355   354     -1.527      0.003     -3.014      3.378      0.000
  1124         21  (g)                -71  1015  1015  1128  1138   356   355     -0.635      0.083     -2.747      2.820      0.000
  1125         21  (g)                -71  1016  1016  1128  1138   353   356      0.351     -0.221     -0.375      0.559      0.000
  1126         21  (g)                -71  1017  1017  1128  1138   352   353      0.492     -0.366      0.285      0.677      0.000
  1127         -5  (bbar)             -71  1011  1011  1128  1138     0   352     -0.692     18.321     -5.005     19.602      4.800
  1128        111  (pi0)              -83  1121  1127  1934  1936     0     0     -0.120      0.498     -1.137      1.255      0.135
  1129        221  (eta)              -83  1121  1127  1937  1938     0     0      0.327      0.686     -0.400      1.019      0.548
  1130        111  (pi0)              -83  1121  1127  1939  1940     0     0     -0.048      0.255     -0.368      0.470      0.135
  1131        313  (K*0)              -83  1121  1127  1662  1663     0     0     -0.045      0.899     -1.118      1.702      0.914
  1132       -313  (K*bar0)           -84  1121  1127  1664  1665     0     0     -0.563      0.161     -2.045      2.307      0.893
  1133       2112  n0                  84  1121  1127     0     0     0     0      0.139     -0.232     -0.217      1.001      0.940
  1134      -2212  pbar-               84  1121  1127     0     0     0     0     -0.554     -0.295     -0.994      1.504      0.938
  1135        213  (rho+)             -84  1121  1127  1666  1667     0     0     -0.588      0.600     -1.434      1.824      0.752
  1136       -211  pi-                 84  1121  1127     0     0     0     0      0.123      1.038     -1.482      1.819      0.140
  1137        211  pi+                 84  1121  1127     0     0     0     0      0.309      2.426     -0.175      2.456      0.140
  1138        513  (B*0)              -84  1121  1127  1941  1942     0     0     -0.409     14.272     -3.634     15.666      5.325
  1139          1  (d)                -71   992   992  1143  1154   131     0      0.261     -0.003   -260.866    260.867      0.330
  1140         21  (g)                -71  1045  1045  1143  1154   321   131     -0.269     -0.490    -16.430     16.449      0.554
  1141         21  (g)                -71   765   765  1143  1154   227   321      1.147      0.946     -3.545      3.844      0.000
  1142         -2  (ubar)             -71   776   776  1143  1154     0   227      0.345     -0.114     -0.269      0.560      0.330
  1143       -211  pi-                 83  1139  1142     0     0     0     0      0.129     -0.165    -43.286     43.287      0.140
  1144        111  (pi0)              -83  1139  1142  1943  1944     0     0     -0.091     -0.164    -34.698     34.699      0.135
  1145        223  (omega)            -83  1139  1142  1945  1947     0     0      0.148      0.189    -49.836     49.843      0.786
  1146        211  pi+                 83  1139  1142     0     0     0     0     -0.026     -0.018    -14.052     14.053      0.140
  1147        311  (K0)               -83  1139  1142  1668  1668     0     0     -0.135     -0.115    -57.652     57.655      0.498
  1148       -313  (K*bar0)           -83  1139  1142  1669  1670     0     0      0.455     -0.172    -41.859     41.874      0.985
  1149       -211  pi-                 84  1139  1142     0     0     0     0     -0.433      0.250     -7.585      7.603      0.140
  1150        213  (rho+)             -84  1139  1142  1671  1672     0     0      0.121      0.198    -14.903     14.923      0.734
  1151       -211  pi-                 84  1139  1142     0     0     0     0      0.215     -0.036     -2.318      2.333      0.140
  1152        111  (pi0)              -84  1139  1142  1948  1949     0     0     -0.079      0.523     -5.923      5.948      0.135
  1153       3222  (Sigma+)           -84  1139  1142  1950  1951     0     0      0.345     -0.729     -5.249      5.442      1.189
  1154      -3222  (Sigmabar-)        -84  1139  1142  1952  1953     0     0      0.833      0.578     -3.748      4.061      1.189
  1155          3  (s)                -71   953   953  1169  1187   186     0      0.469      1.169      0.108      1.359      0.500
  1156         21  (g)                -71  1051  1051  1169  1187   322   186     -0.357      0.814     -1.076      1.422      0.275
  1157         21  (g)                -71   792   792  1169  1187   164   322     -3.722      2.410     -3.826      5.857      0.000
  1158         21  (g)                -71  1052  1052  1169  1187   235   164     -2.463      0.206     -1.773      3.059      0.329
  1159         21  (g)                -71   853   853  1169  1187   176   235     -0.952     -0.661     -2.447      2.708      0.000
  1160         21  (g)                -71  1053  1053  1169  1187   161   176     -0.507     -1.866     -3.302      3.841      0.334
  1161         21  (g)                -71  1047  1047  1169  1187   149   161     -0.261     -1.013     -3.258      3.423      0.073
  1162         21  (g)                -71   791   791  1169  1187   162   149      0.066      0.161     -1.010      1.025      0.000
  1163         21  (g)                -71  1049  1049  1169  1187   296   162     -0.628     -0.707     -0.935      1.332      0.086
  1164         21  (g)                -71   813   813  1169  1187   325   296     -2.125     -0.424     -1.122      2.440      0.000
  1165         21  (g)                -71  1048  1048  1169  1187   120   325     -1.708     -1.124     -2.146      2.965      0.082
  1166         21  (g)                -71  1050  1050  1169  1187   141   120     -0.589     -0.538      0.198      0.827      0.097
  1167         21  (g)                -71   830   830  1169  1187   215   141     -0.806     -2.478      1.044      2.807      0.000
  1168         -1  (dbar)             -71   923   923  1169  1187     0   215     -1.044     -0.391     -0.208      1.181      0.330
  1169       -321  K-                  83  1155  1168     0     0     0     0     -0.165      0.615     -0.128      0.816      0.494
  1170        213  (rho+)             -83  1155  1168  1673  1674     0     0      0.308      0.671     -0.657      1.240      0.750
  1171        113  (rho0)             -83  1155  1168  1675  1676     0     0     -1.550      1.483     -1.559      2.746      0.714
  1172       -213  (rho-)             -83  1155  1168  1677  1678     0     0     -0.614      0.839     -0.904      1.545      0.701
  1173        321  K+                  83  1155  1168     0     0     0     0     -2.627      0.730     -2.072      3.460      0.494
  1174       -311  (Kbar0)            -83  1155  1168  1679  1679     0     0     -1.080     -0.092     -1.201      1.693      0.498
  1175        111  (pi0)              -83  1155  1168  1954  1955     0     0     -1.198     -0.221     -1.472      1.915      0.135
  1176        111  (pi0)              -83  1155  1168  1956  1957     0     0     -0.310     -0.640     -1.540      1.702      0.135
  1177        111  (pi0)              -83  1155  1168  1958  1959     0     0     -0.969     -2.277     -6.322      6.791      0.135
  1178        111  (pi0)              -84  1155  1168  1960  1962     0     0     -0.085      0.353     -0.146      0.414      0.135
  1179        311  (K0)               -84  1155  1168  1680  1680     0     0     -1.990     -1.401     -2.430      3.475      0.498
  1180       -323  (K*-)              -84  1155  1168  1681  1682     0     0     -0.282      0.053     -0.605      1.134      0.915
  1181        211  pi+                 84  1155  1168     0     0     0     0     -1.042     -0.817     -0.111      1.336      0.140
  1182       -211  pi-                 84  1155  1168     0     0     0     0     -0.155     -0.426     -0.347      0.587      0.140
  1183        211  pi+                 84  1155  1168     0     0     0     0     -0.277      0.096      0.027      0.326      0.140
  1184       -213  (rho-)             -84  1155  1168  1683  1684     0     0     -1.398     -1.993     -0.872      2.779      1.019
  1185        211  pi+                 84  1155  1168     0     0     0     0     -0.111     -0.150      0.044      0.237      0.140
  1186        311  (K0)               -84  1155  1168  1685  1685     0     0     -0.733     -0.907      0.397      1.329      0.498
  1187       -311  (Kbar0)            -84  1155  1168  1686  1686     0     0     -0.348     -0.360      0.144      0.721      0.498
  1188          3  (s)                -71   804   804  1202  1221   114     0     -0.141      0.035      0.130      0.537      0.500
  1189         21  (g)                -71   800   800  1202  1221   241   114     -1.016      2.653      1.263      3.109      0.000
  1190         21  (g)                -71   786   786  1202  1221   153   241     -2.148      3.176      3.290      5.052      0.000
  1191         21  (g)                -71  1110  1110  1202  1221   277   153     -0.819      0.468      0.494      1.152      0.438
  1192         21  (g)                -71  1102  1102  1202  1221   196   277      0.323      1.655      2.147      2.731      0.092
  1193         21  (g)                -71  1111  1111  1202  1221   178   196     -3.060      4.494     10.198     11.567      0.476
  1194         21  (g)                -71  1105  1105  1202  1221   174   178     -2.380      2.500      8.166      8.868      0.207
  1195         21  (g)                -71   873   873  1202  1221   132   174     -0.828      0.665      3.739      3.887      0.000
  1196         21  (g)                -71   823   823  1202  1221   274   132     -3.845      1.635     13.046     13.699      0.000
  1197         21  (g)                -71  1106  1106  1202  1221   214   274     -1.372     -0.279      4.721      4.930      0.242
  1198         21  (g)                -71  1107  1107  1202  1221   157   214     -0.654     -1.085      4.064      4.264      0.253
  1199         21  (g)                -71  1104  1104  1202  1221   331   157      0.137     -1.070      6.052      6.150      0.162
  1200         21  (g)                -71  1109  1109  1202  1221   152   331      1.577     -2.261     13.506     13.788      0.323
  1201         -3  (sbar)             -71  1108  1108  1202  1221     0   152      0.632      1.421      1.037      2.021      0.768
  1202       -323  (K*-)              -83  1188  1201  1687  1688     0     0     -1.389      2.823      2.357      4.021      0.844
  1203        223  (omega)            -83  1188  1201  1963  1965     0     0     -0.734      0.599     -0.060      1.232      0.786
  1204        111  (pi0)              -83  1188  1201  1966  1967     0     0     -2.030      3.844      3.832      5.797      0.135
  1205        211  pi+                 83  1188  1201     0     0     0     0      0.295      0.139      0.868      0.937      0.140
  1206        111  (pi0)              -83  1188  1201  1968  1969     0     0     -2.043      2.592      4.963      5.962      0.135
  1207       -211  pi-                 83  1188  1201     0     0     0     0     -0.743      1.308      4.399      4.651      0.140
  1208        213  (rho+)             -83  1188  1201  1689  1690     0     0     -0.884      1.052      4.316      4.591      0.746
  1209       -211  pi-                 83  1188  1201     0     0     0     0     -1.991      2.220      5.238      6.028      0.140
  1210        211  pi+                 83  1188  1201     0     0     0     0     -0.726      0.804      4.421      4.554      0.140
  1211        221  (eta)              -83  1188  1201  1970  1972     0     0     -0.971      0.121      3.908      4.066      0.548
  1212       -211  pi-                 83  1188  1201     0     0     0     0     -2.915      1.518      8.528      9.140      0.140
  1213        211  pi+                 84  1188  1201     0     0     0     0     -0.274     -0.516      2.758      2.823      0.140
  1214        313  (K*0)              -84  1188  1201  1691  1692     0     0     -0.312     -0.435      6.846      6.924      0.890
  1215       -313  (K*bar0)           -84  1188  1201  1693  1694     0     0     -0.155     -0.733      3.279      3.456      0.793
  1216        221  (eta)              -84  1188  1201  1973  1974     0     0      0.141     -0.480      3.275      3.358      0.548
  1217        111  (pi0)              -84  1188  1201  1975  1976     0     0     -0.452     -0.384      1.310      1.444      0.135
  1218        111  (pi0)              -84  1188  1201  1977  1978     0     0      0.319     -0.709      5.764      5.818      0.135
  1219       -213  (rho-)             -84  1188  1201  1695  1696     0     0      0.432     -0.533      3.156      3.501      1.352
  1220        213  (rho+)             -84  1188  1201  1697  1698     0     0      0.669      0.313      1.575      1.925      0.823
  1221        313  (K*0)              -84  1188  1201  1699  1700     0     0      0.167      0.462      1.123      1.528      0.912
  1222          1  (d)                -71   989   989  1224  1232   143     0     -0.030      0.046    235.718    235.718      0.330
  1223         -2  (ubar)             -71   903   903  1224  1232     0   143      1.047      2.388     -0.125      2.631      0.330
  1224        221  (eta)              -83  1222  1223  1979  1980     0     0     -0.363      0.067    172.850    172.851      0.548
  1225       -211  pi-                 83  1222  1223     0     0     0     0      0.442     -0.171     37.905     37.908      0.140
  1226        321  K+                  83  1222  1223     0     0     0     0      0.113     -0.379      9.295      9.317      0.494
  1227       -321  K-                  83  1222  1223     0     0     0     0      0.059      0.965     10.845     10.899      0.494
  1228        211  pi+                 84  1222  1223     0     0     0     0      0.064      0.089     -0.058      0.186      0.140
  1229        221  (eta)              -84  1222  1223  1981  1983     0     0     -0.122     -0.127      3.798      3.841      0.548
  1230        331  (eta')             -84  1222  1223  1984  1986     0     0      0.520      0.982      0.952      1.749      0.958
  1231       -211  pi-                 84  1222  1223     0     0     0     0      0.478      0.873     -0.033      1.006      0.140
  1232        221  (eta)              -84  1222  1223  1987  1988     0     0     -0.174      0.134      0.040      0.591      0.548
  1233        331  (eta')             -83   871   872  1989  1990     0     0      1.813     -1.717     50.637     50.707      0.958
  1234        221  (eta)              -83   871   872  1991  1993     0     0     -0.629     -0.533      5.750      5.835      0.548
  1235        111  (pi0)              -83   871   872  1994  1995     0     0      0.447     -0.412      2.642      2.714      0.135
  1236        211  pi+                 83   871   872     0     0     0     0     -0.087      0.225      1.480      1.506      0.140
  1237       -211  pi-                 83   871   872     0     0     0     0      0.110     -0.217     -0.124      0.306      0.140
  1238        213  (rho+)             -84   871   872  1701  1702     0     0     -0.259     -0.045      2.761      2.886      0.798
  1239        111  (pi0)              -84   871   872  1996  1997     0     0      0.297     -0.100      0.014      0.341      0.135
  1240       -211  pi-                 84   871   872     0     0     0     0     -0.072      0.004      0.024      0.159      0.140
  1241        321  K+                  84   871   872     0     0     0     0      0.240     -0.102     -0.683      0.882      0.494
  1242       -323  (K*-)              -84   871   872  1703  1704     0     0      0.117     -1.356     -4.214      4.510      0.858
  1243        211  pi+                 84   871   872     0     0     0     0      0.386     -1.437     -4.411      4.657      0.140
  1244          1  (d)                -71   936   936  1246  1257   160     0     -0.808      3.634   -152.194    152.240      0.330
  1245         -3  (sbar)             -71   985   985  1246  1257     0   160     -1.688      0.165      5.101      5.398      0.500
  1246       2212  p+                  83  1244  1245     0     0     0     0     -0.499      2.213    -85.783     85.818      0.938
  1247       -213  (rho-)             -83  1244  1245  1705  1706     0     0     -0.122      0.221     -9.062      9.094      0.721
  1248      -2212  pbar-               83  1244  1245     0     0     0     0      0.148      0.797    -28.108     28.135      0.938
  1249        111  (pi0)              -83  1244  1245  1998  1999     0     0     -0.734      0.087    -15.089     15.107      0.135
  1250        111  (pi0)              -83  1244  1245  2000  2001     0     0      0.556      0.265     -8.627      8.650      0.135
  1251        223  (omega)            -84  1244  1245  2002  2004     0     0     -0.338     -0.123     -1.775      1.972      0.780
  1252        211  pi+                 84  1244  1245     0     0     0     0     -0.161      0.180     -1.083      1.119      0.140
  1253        313  (K*0)              -84  1244  1245  1707  1708     0     0      0.136     -0.149     -1.747      1.968      0.883
  1254       -311  (Kbar0)            -84  1244  1245  1709  1709     0     0      0.165      0.049     -0.154      0.549      0.498
  1255        221  (eta)              -84  1244  1245  2005  2006     0     0     -0.120     -0.067     -0.008      0.565      0.548
  1256       -211  pi-                 84  1244  1245     0     0     0     0     -0.280      0.115      0.981      1.036      0.140
  1257        321  K+                  84  1244  1245     0     0     0     0     -1.247      0.212      3.361      3.625      0.494
  1258          3  (s)                -71  1025  1025  1267  1284   358     0     -1.230     27.315   -225.313    226.967      0.500
  1259         21  (g)                -71  1042  1042  1267  1284   359   358     -0.801      4.488    -51.652     51.852      0.000
  1260         21  (g)                -71  1041  1041  1267  1284   364   359     -0.014      0.057     -0.135      0.147      0.000
  1261         21  (g)                -71  1040  1040  1267  1284   360   364     -1.794      6.452    -78.672     78.956      0.000
  1262         21  (g)                -71  1039  1039  1267  1284   361   360     -2.104      4.558    -55.091     55.319      0.000
  1263         21  (g)                -71  1038  1038  1267  1284   363   361     -0.966      3.449    -41.487     41.641      0.000
  1264         21  (g)                -71  1037  1037  1267  1284   104   363     -2.565      4.598    -69.248     69.448      0.000
  1265         21  (g)                -71  1033  1033  1267  1284   357   104     -4.331     -3.769    -79.640     79.846      0.000
  1266         -4  (cbar)             -71  1022  1022  1267  1284     0   357    -18.068    -12.016    -82.169     84.999      1.500
  1267        333  (phi)              -83  1258  1266  2007  2008     0     0     -0.742     17.816   -151.100    152.152      1.018
  1268       -311  (Kbar0)            -83  1258  1266  1710  1710     0     0      0.038      1.782    -16.408     16.512      0.498
  1269       -211  pi-                 83  1258  1266     0     0     0     0     -0.710      5.320    -42.554     42.892      0.140
  1270        321  K+                  83  1258  1266     0     0     0     0     -0.142      3.446    -29.830     30.033      0.494
  1271       -323  (K*-)              -83  1258  1266  1711  1712     0     0     -2.028      6.625    -76.654     76.970      0.818
  1272        211  pi+                 83  1258  1266     0     0     0     0     -0.946      2.424    -29.969     30.082      0.140
  1273       2112  n0                  83  1258  1266     0     0     0     0     -1.412      3.840    -50.483     50.658      0.940
  1274       -211  pi-                 83  1258  1266     0     0     0     0     -1.926      5.896    -74.365     74.623      0.140
  1275      -2114  (Deltabar0)        -84  1258  1266  1713  1714     0     0     -0.969      1.901    -32.355     32.448      1.212
  1276        213  (rho+)             -84  1258  1266  1715  1716     0     0     -0.552      1.239    -17.180     17.252      0.793
  1277        111  (pi0)              -84  1258  1266  2009  2010     0     0     -0.543     -0.634     -8.119      8.162      0.135
  1278       -213  (rho-)             -84  1258  1266  1717  1718     0     0     -1.393     -0.884    -29.176     29.234      0.834
  1279        213  (rho+)             -84  1258  1266  1719  1720     0     0     -1.036     -1.012    -18.294     18.366      0.757
  1280        223  (omega)            -84  1258  1266  2011  2013     0     0     -1.096     -0.205     -8.104      8.219      0.792
  1281        111  (pi0)              -84  1258  1266  2014  2015     0     0     -0.956     -0.864     -9.317      9.407      0.135
  1282        111  (pi0)              -84  1258  1266  2016  2017     0     0      0.162      0.231     -4.417      4.428      0.135
  1283        221  (eta)              -84  1258  1266  2018  2019     0     0     -4.555     -3.244    -25.549     26.159      0.548
  1284       -413  (D*-)              -84  1258  1266  2020  2021     0     0    -13.068     -8.544    -59.534     61.580      2.010
  1285          2  (u)                -71   902   902  1305  1336   145     0     -0.225     -1.132    106.140    106.147      0.330
  1286         21  (g)                -71   895   895  1305  1336   209   145      0.693     -2.562    154.841    154.864      0.000
  1287         21  (g)                -71  1097  1097  1305  1336   315   209      1.365     -1.532     49.316     49.362      0.578
  1288         21  (g)                -71   935   935  1305  1336   183   315      0.491     -1.295     15.059     15.123      0.000
  1289         21  (g)                -71  1089  1089  1305  1336   304   183      1.207     -1.182     18.633     18.711      0.240
  1290         21  (g)                -71  1088  1088  1305  1336   269   304      1.894      0.625     20.962     21.057      0.190
  1291         21  (g)                -71  1093  1093  1305  1336   198   269      1.821     -0.134      8.464      8.667      0.372
  1292         21  (g)                -71   965   965  1305  1336   188   198      1.163     -0.548      3.705      3.921      0.000
  1293         21  (g)                -71  1085  1085  1305  1336   128   188      2.808     -2.333      9.216      9.914      0.128
  1294         21  (g)                -71  1092  1092  1305  1336   288   128      2.250      0.678      7.761      8.112      0.246
  1295         21  (g)                -71   889   889  1305  1336   278   288      3.008      2.252     12.359     12.917      0.000
  1296         21  (g)                -71  1091  1091  1305  1336   175   278      1.193      1.031      6.905      7.087      0.244
  1297         21  (g)                -71   814   814  1305  1336   327   175      0.829      0.074      4.137      4.220      0.000
  1298         21  (g)                -71   793   793  1305  1336   193   327      1.109     -1.181      5.820      6.041      0.000
  1299         21  (g)                -71  1096  1096  1305  1336   228   193      1.369     -2.354      7.277      7.785      0.482
  1300         21  (g)                -71   850   850  1305  1336   303   228      0.670     -1.051      2.191      2.520      0.000
  1301         21  (g)                -71  1095  1095  1305  1336   184   303     -1.623     -1.799      3.733      4.470      0.425
  1302         21  (g)                -71   881   881  1305  1336   279   184     -0.261     -0.330      0.332      0.536      0.000
  1303         21  (g)                -71  1087  1087  1305  1336   264   279     -2.495     -0.000      2.434      3.490      0.183
  1304         -3  (sbar)             -71  1094  1094  1305  1336     0   264     -4.480      1.034      7.365      8.738      0.985
  1305        211  pi+                 83  1285  1304     0     0     0     0     -0.042     -0.099      7.049      7.051      0.140
  1306       -211  pi-                 83  1285  1304     0     0     0     0      0.261     -2.324    148.951    148.969      0.140
  1307        213  (rho+)             -83  1285  1304  1721  1722     0     0      0.344     -0.257     49.231     49.240      0.811
  1308        111  (pi0)              -83  1285  1304  2022  2023     0     0      0.477     -1.678     35.080     35.123      0.135
  1309        223  (omega)            -83  1285  1304  2024  2025     0     0     -0.042     -0.697     36.818     36.833      0.812
  1310       -213  (rho-)             -83  1285  1304  1723  1724     0     0      0.949     -0.907     29.623     29.660      0.726
  1311        111  (pi0)              -83  1285  1304  2026  2027     0     0      1.568     -0.738     31.493     31.541      0.135
  1312        213  (rho+)             -83  1285  1304  1725  1726     0     0      0.439     -0.355     10.994     11.032      0.719
  1313       -211  pi-                 83  1285  1304     0     0     0     0      0.524      0.151      2.446      2.510      0.140
  1314        211  pi+                 83  1285  1304     0     0     0     0      0.888     -0.883      6.137      6.265      0.140
  1315       1114  (Delta-)           -83  1285  1304  1727  1728     0     0      1.549     -0.350      8.816      9.033      1.157
  1316      -1114  (Deltabar+)        -83  1285  1304  1729  1730     0     0      0.992     -0.325      7.128      7.318      1.286
  1317        311  (K0)               -83  1285  1304  1731  1731     0     0      0.666      0.051      2.856      2.975      0.498
  1318       -323  (K*-)              -83  1285  1304  1732  1733     0     0      3.171     -0.693     12.285     12.762      1.188
  1319        211  pi+                 83  1285  1304     0     0     0     0      0.570      0.079      1.538      1.648      0.140
  1320       -211  pi-                 83  1285  1304     0     0     0     0      1.172      0.493      3.769      3.980      0.140
  1321        211  pi+                 83  1285  1304     0     0     0     0      0.286      0.331      0.609      0.763      0.140
  1322       -211  pi-                 83  1285  1304     0     0     0     0      0.643     -0.286      4.091      4.154      0.140
  1323        111  (pi0)              -83  1285  1304  2028  2029     0     0      0.111      0.055      1.977      1.985      0.135
  1324        321  K+                  83  1285  1304     0     0     0     0      1.412      0.186      6.305      6.482      0.494
  1325       -313  (K*bar0)           -83  1285  1304  1734  1735     0     0      2.106      0.644      5.989      6.439      0.856
  1326        223  (omega)            -84  1285  1304  2030  2032     0     0      0.366      0.234      4.128      4.223      0.777
  1327        111  (pi0)              -84  1285  1304  2033  2034     0     0      0.826     -1.390      5.335      5.576      0.135
  1328        313  (K*0)              -84  1285  1304  1736  1737     0     0      0.216      0.326      2.622      2.855      1.060
  1329       -311  (Kbar0)            -84  1285  1304  1738  1738     0     0      1.087     -1.364      4.606      4.950      0.498
  1330        223  (omega)            -84  1285  1304  2035  2037     0     0      0.214     -1.226      2.301      2.735      0.795
  1331        111  (pi0)              -84  1285  1304  2038  2039     0     0     -0.142      0.239      0.877      0.930      0.135
  1332        313  (K*0)              -84  1285  1304  1739  1740     0     0     -1.351     -0.721      2.813      3.328      0.904
  1333       -311  (Kbar0)            -84  1285  1304  1741  1741     0     0     -0.996     -1.518      2.393      3.045      0.498
  1334        111  (pi0)              -84  1285  1304  2040  2041     0     0     -0.548      0.435      0.891      1.140      0.135
  1335        111  (pi0)              -84  1285  1304  2042  2043     0     0     -3.020      0.266      4.078      5.083      0.135
  1336        313  (K*0)              -84  1285  1304  1742  1743     0     0     -1.912      0.580      3.421      4.054      0.859
  1337          1  (d)                -71   930   930  1357  1388   156     0     -0.440     -0.905      0.942      1.417      0.330
  1338         21  (g)                -71   789   789  1357  1388   309   156     -0.477      1.013     -0.530      1.239      0.000
  1339         21  (g)                -71  1059  1059  1357  1388   294   309     -0.458      1.041     -2.939      3.159      0.229
  1340         21  (g)                -71   819   819  1357  1388   119   294     -1.012      5.762    -21.267     22.057      0.000
  1341         21  (g)                -71  1058  1058  1357  1388   223   119     -0.833     -0.447     -5.587      5.671      0.223
  1342         21  (g)                -71   941   941  1357  1388   169   223     -2.107      0.043    -12.813     12.985      0.000
  1343         21  (g)                -71   806   806  1357  1388   289   169     -1.302      0.539     -3.934      4.179      0.000
  1344         21  (g)                -71   972   972  1357  1388   270   289      0.588      0.332     -3.052      3.126      0.000
  1345         21  (g)                -71  1062  1062  1357  1388   326   270      1.999      2.074    -19.633     19.846      0.330
  1346         21  (g)                -71   981   981  1357  1388   213   326      1.081      0.354     -9.930      9.995      0.000
  1347         21  (g)                -71   798   798  1357  1388   231   213      0.825      0.946    -44.652     44.670      0.000
  1348         21  (g)                -71   946   946  1357  1388   287   231     -0.370      0.728     -9.042      9.078      0.000
  1349         21  (g)                -71  1060  1060  1357  1388   307   287     -0.663      2.032    -14.786     14.941      0.244
  1350         21  (g)                -71   859   859  1357  1388   276   307     -1.698      0.100    -34.502     34.544      0.000
  1351         21  (g)                -71  1057  1057  1357  1388   297   276     -2.970     -1.957    -71.680     71.768      0.222
  1352         21  (g)                -71   977   977  1357  1388   212   297     -0.329     -0.418     -6.036      6.059      0.000
  1353         21  (g)                -71  1056  1056  1357  1388   112   212     -0.189     -1.118    -41.375     41.391      0.131
  1354         21  (g)                -71  1063  1063  1357  1388   125   112     -2.830     -2.322   -156.109    156.152      0.469
  1355         21  (g)                -71  1061  1061  1357  1388   173   125     -1.059      4.312   -400.377    400.401      0.316
  1356         -1  (dbar)             -71   917   917  1357  1388     0   173     -0.363      1.275   -354.048    354.050      0.330
  1357       -211  pi-                 83  1337  1356     0     0     0     0     -0.543     -0.151      0.265      0.638      0.140
  1358        211  pi+                 83  1337  1356     0     0     0     0      0.362     -0.327      0.260      0.570      0.140
  1359       -211  pi-                 83  1337  1356     0     0     0     0      0.018     -0.070     -0.197      0.252      0.140
  1360        213  (rho+)             -83  1337  1356  1744  1745     0     0     -0.723      0.769     -0.518      1.340      0.643
  1361        113  (rho0)             -83  1337  1356  1746  1747     0     0      0.194      0.486     -1.532      1.950      1.088
  1362        111  (pi0)              -83  1337  1356  2044  2045     0     0     -0.094      0.597     -1.212      1.361      0.135
  1363       -211  pi-                 83  1337  1356     0     0     0     0     -0.768      1.632     -5.382      5.678      0.140
  1364        323  (K*+)              -83  1337  1356  1748  1749     0     0     -0.007      0.357     -3.829      3.947      0.889
  1365       -311  (Kbar0)            -83  1337  1356  1750  1750     0     0     -0.440      0.815     -3.825      3.967      0.498
  1366        311  (K0)               -83  1337  1356  1751  1751     0     0     -0.354      1.286     -4.600      4.816      0.498
  1367       -323  (K*-)              -83  1337  1356  1752  1753     0     0     -1.162      0.625     -8.565      8.713      0.904
  1368        213  (rho+)             -83  1337  1356  1754  1755     0     0     -0.897      0.992     -6.092      6.289      0.806
  1369       -211  pi-                 83  1337  1356     0     0     0     0     -0.083      0.148     -2.120      2.132      0.140
  1370        213  (rho+)             -83  1337  1356  1756  1757     0     0     -1.109     -0.392     -7.670      7.835      1.081
  1371        313  (K*0)              -83  1337  1356  1758  1759     0     0     -0.149      1.243     -7.652      7.805      0.888
  1372       -311  (Kbar0)            -84  1337  1356  1760  1760     0     0      0.701     -0.180     -5.292      5.364      0.498
  1373       2112  n0                  84  1337  1356     0     0     0     0      1.205      0.964    -13.999     14.116      0.940
  1374        213  (rho+)             -84  1337  1356  1761  1762     0     0      1.182      0.826    -14.542     14.635      0.790
  1375      -2214  (Deltabar-)        -84  1337  1356  1763  1764     0     0     -0.134      1.551    -20.307     20.399      1.151
  1376       1114  (Delta-)           -84  1337  1356  1765  1766     0     0     -0.191      0.663    -18.612     18.664      1.204
  1377      -2114  (Deltabar0)        -84  1337  1356  1767  1768     0     0     -0.887      0.427    -38.836     38.882      1.608
  1378        213  (rho+)             -84  1337  1356  1769  1770     0     0     -0.617      0.647    -15.702     15.777      1.260
  1379        113  (rho0)             -84  1337  1356  1771  1772     0     0     -1.100     -0.278    -23.296     23.340      0.883
  1380        311  (K0)               -84  1337  1356  1773  1773     0     0     -0.266     -0.262     -9.997     10.016      0.498
  1381       -321  K-                  84  1337  1356     0     0     0     0     -2.239     -1.198    -81.482     81.523      0.494
  1382       2212  p+                  84  1337  1356     0     0     0     0     -1.679     -1.605    -65.098     65.146      0.938
  1383        213  (rho+)             -84  1337  1356  1774  1775     0     0      0.261      0.376    -49.626     49.638      0.984
  1384      -2212  pbar-               84  1337  1356     0     0     0     0     -1.515     -0.982    -87.104     87.128      0.938
  1385        311  (K0)               -84  1337  1356  1776  1776     0     0     -0.644      0.033    -52.988     52.995      0.498
  1386       -321  K-                  84  1337  1356     0     0     0     0     -0.383      1.108   -143.653    143.659      0.494
  1387        113  (rho0)             -84  1337  1356  1777  1778     0     0     -0.227      1.704   -160.079    160.090      0.745
  1388        211  pi+                 84  1337  1356     0     0     0     0     -0.318      1.582   -358.064    358.067      0.140
  1389          1  (d)                -71   888   888  1391  1403   275     0      1.131     -0.876     76.820     76.834      0.330
  1390         -1  (dbar)             -71   891   891  1391  1403     0   275     -0.685     -0.998    -59.205     59.218      0.330
  1391        313  (K*0)              -83  1389  1390  1779  1780     0     0      0.538     -0.267     39.381     39.395      0.878
  1392       -323  (K*-)              -83  1389  1390  1781  1782     0     0      0.181     -0.613     14.464     14.502      0.831
  1393        213  (rho+)             -83  1389  1390  1783  1784     0     0      0.534     -0.285     13.160     13.229      1.204
  1394        111  (pi0)              -83  1389  1390  2046  2047     0     0     -0.378      0.109      3.082      3.110      0.135
  1395       -211  pi-                 83  1389  1390     0     0     0     0      0.227      0.321      4.200      4.221      0.140
  1396        111  (pi0)              -83  1389  1390  2048  2049     0     0      0.342     -0.208      1.325      1.391      0.135
  1397        213  (rho+)             -83  1389  1390  1785  1786     0     0     -0.039      0.225      0.418      0.900      0.764
  1398       -211  pi-                 83  1389  1390     0     0     0     0     -0.586      0.005      0.075      0.607      0.140
  1399        111  (pi0)              -84  1389  1390  2050  2051     0     0     -0.167      0.129     -1.885      1.902      0.135
  1400        221  (eta)              -84  1389  1390  2052  2053     0     0      0.389     -0.561     -3.001      3.126      0.548
  1401        211  pi+                 84  1389  1390     0     0     0     0      0.187     -0.083     -4.789      4.796      0.140
  1402        313  (K*0)              -84  1389  1390  1787  1788     0     0     -0.104      0.160     -9.244      9.284      0.836
  1403       -313  (K*bar0)           -84  1389  1390  1789  1790     0     0     -0.679     -0.808    -39.569     39.591      0.783
  1404          2  (u)                -71   958   958  1406  1420   263     0     -0.568     -2.635    -41.803     41.891      0.330
  1405         -1  (dbar)             -71   952   952  1406  1420     0   263     -3.274     -0.424    161.668    161.703      0.330
  1406        213  (rho+)             -83  1404  1405  1791  1792     0     0     -0.492     -2.265    -33.071     33.184      1.449
  1407       -211  pi-                 83  1404  1405     0     0     0     0     -0.057     -0.145     -2.671      2.679      0.140
  1408        213  (rho+)             -83  1404  1405  1793  1794     0     0      0.068      0.053     -3.736      3.821      0.795
  1409       -211  pi-                 83  1404  1405     0     0     0     0      0.136     -0.385     -0.300      0.526      0.140
  1410       2224  (Delta++)          -83  1404  1405  1795  1796     0     0     -0.134      0.065     -0.628      1.378      1.218
  1411        111  (pi0)              -83  1404  1405  2054  2055     0     0     -0.326      0.143      0.039      0.383      0.135
  1412      -2224  (Deltabar--)       -83  1404  1405  1797  1798     0     0      0.013      0.276      0.309      1.283      1.214
  1413       2212  p+                  83  1404  1405     0     0     0     0      0.244     -0.168      2.942      3.102      0.938
  1414      -2112  nbar0               83  1404  1405     0     0     0     0     -0.206     -0.332      3.479      3.625      0.940
  1415        111  (pi0)              -83  1404  1405  2056  2057     0     0      0.150      0.208      2.680      2.696      0.135
  1416       -213  (rho-)             -84  1404  1405  1799  1800     0     0     -0.370     -0.374     28.076     28.108      1.236
  1417        213  (rho+)             -84  1404  1405  1801  1802     0     0     -0.697     -0.079     21.513     21.538      0.766
  1418       -211  pi-                 84  1404  1405     0     0     0     0     -0.456      0.393     29.405     29.411      0.140
  1419        211  pi+                 84  1404  1405     0     0     0     0     -1.597      0.092     55.803     55.826      0.140
  1420        111  (pi0)              -84  1404  1405  2058  2059     0     0     -0.118     -0.541     16.024     16.034      0.135
  1421          5  (b)                -71   997   997  1426  1437   103     0     20.451    -26.058      0.032     33.471      4.800
  1422         21  (g)                -71   763   763  1426  1437   221   103      0.417     -0.897     -4.657      4.761      0.000
  1423         21  (g)                -71   767   767  1426  1437   250   221      0.135      0.108     -1.560      1.570      0.000
  1424         21  (g)                -71   756   756  1426  1437   165   250      1.829     -1.220   -460.987    460.993      0.000
  1425         -1  (dbar)             -71   994   994  1426  1437     0   165      0.285     -0.297    -16.061     16.069      0.330
  1426       -511  (Bbar0)            -83  1421  1425  2060  2064     0     0     20.023    -25.483     -0.150     32.836      5.280
  1427       1114  (Delta-)           -83  1421  1425  1803  1804     0     0      0.269     -0.717     -1.954      2.457      1.279
  1428      -1114  (Deltabar+)        -83  1421  1425  1805  1806     0     0      0.799     -0.476     -3.709      4.039      1.301
  1429       -213  (rho-)             -83  1421  1425  1807  1808     0     0     -0.313      0.283     -6.417      6.479      0.786
  1430        213  (rho+)             -83  1421  1425  1809  1810     0     0     -0.010     -0.468    -21.711     21.730      0.785
  1431       -211  pi-                 84  1421  1425     0     0     0     0      0.321     -0.225   -107.742    107.743      0.140
  1432        211  pi+                 84  1421  1425     0     0     0     0      0.320      0.160    -11.060     11.067      0.140
  1433       -213  (rho-)             -84  1421  1425  1811  1812     0     0      0.495     -0.549    -81.792     81.799      0.751
  1434        221  (eta)              -84  1421  1425  2065  2066     0     0      0.054     -0.337   -108.716    108.718      0.548
  1435        211  pi+                 84  1421  1425     0     0     0     0      0.394     -0.089    -12.272     12.279      0.140
  1436       -211  pi-                 84  1421  1425     0     0     0     0      0.925     -0.341    -95.505     95.510      0.140
  1437        211  pi+                 84  1421  1425     0     0     0     0     -0.160     -0.121    -32.205     32.206      0.140
  1438          3  (s)                -71   995   995  1451  1477   105     0      0.035      0.344     -0.183      0.635      0.500
  1439         21  (g)                -71   780   780  1451  1477   329   105     -3.123      0.090    137.171    137.207      0.000
  1440         21  (g)                -71   749   749  1451  1477   271   329    -25.183     -3.728   1143.003   1143.287      0.000
  1441         21  (g)                -71   769   769  1451  1477   199   271     -3.722     -1.095    174.305    174.348      0.000
  1442         21  (g)                -71   760   760  1451  1477   138   199     -1.019     -0.750     69.404     69.416      0.000
  1443         21  (g)                -71   754   754  1451  1477   281   138      0.474      0.058     51.602     51.604      0.000
  1444         21  (g)                -71   772   772  1451  1477   205   281     -0.544     -0.449     26.552     26.561      0.000
  1445         21  (g)                -71  1065  1065  1451  1477   240   205     -1.170      0.626     60.044     60.059      0.141
  1446         21  (g)                -71   766   766  1451  1477   122   240      0.831      1.062     16.003     16.060      0.000
  1447         21  (g)                -71   777   777  1451  1477   313   122      0.932      0.071      2.578      2.742      0.000
  1448         21  (g)                -71  1066  1066  1451  1477   254   313     -0.701      0.565      1.165      1.512      0.343
  1449         21  (g)                -71   752   752  1451  1477   129   254     -0.659      2.362      0.427      2.489      0.000
  1450         -3  (sbar)             -71   751   751  1451  1477     0   129      0.356      3.198     -2.064      3.855      0.500
  1451       -321  K-                  83  1438  1450     0     0     0     0     -0.509      0.198      0.042      0.738      0.494
  1452        111  (pi0)              -83  1438  1450  2067  2068     0     0      0.404      0.084      3.576      3.602      0.135
  1453        211  pi+                 83  1438  1450     0     0     0     0     -0.017     -0.015      0.346      0.374      0.140
  1454       -211  pi-                 83  1438  1450     0     0     0     0     -0.256     -0.203      8.589      8.596      0.140
  1455        321  K+                  83  1438  1450     0     0     0     0      0.025      0.040      2.903      2.945      0.494
  1456       -311  (Kbar0)            -83  1438  1450  1813  1813     0     0     -0.266      0.005      8.461      8.480      0.498
  1457       -211  pi-                 83  1438  1450     0     0     0     0     -0.102      0.191     10.720     10.723      0.140
  1458        211  pi+                 83  1438  1450     0     0     0     0     -3.746     -0.328    161.681    161.725      0.140
  1459        311  (K0)               -83  1438  1450  1814  1814     0     0     -0.781     -0.308     38.944     38.956      0.498
  1460        331  (eta')             -83  1438  1450  2069  2071     0     0     -9.730     -1.469    450.656    450.764      0.958
  1461       3122  (Lambda0)          -83  1438  1450  2072  2073     0     0     -5.183     -0.667    235.962    236.022      1.116
  1462      -2212  pbar-               83  1438  1450     0     0     0     0     -8.150     -1.468    369.654    369.748      0.938
  1463       2212  p+                  83  1438  1450     0     0     0     0     -2.113     -0.481    128.418    128.440      0.938
  1464      -2112  nbar0               83  1438  1450     0     0     0     0     -2.204     -0.208     93.061     93.092      0.940
  1465        111  (pi0)              -83  1438  1450  2074  2075     0     0     -0.178     -0.551     57.622     57.625      0.135
  1466        221  (eta)              -84  1438  1450  2076  2078     0     0     -0.513      0.472     42.048     42.057      0.548
  1467        311  (K0)               -84  1438  1450  1815  1815     0     0     -0.696     -0.286     27.817     27.831      0.498
  1468       -311  (Kbar0)            -84  1438  1450  1816  1816     0     0      0.569      0.395     14.416     14.441      0.498
  1469       -211  pi-                 84  1438  1450     0     0     0     0      0.041      0.326     10.009     10.016      0.140
  1470        213  (rho+)             -84  1438  1450  1817  1818     0     0      0.534      0.009      6.678      6.747      0.805
  1471       -211  pi-                 84  1438  1450     0     0     0     0     -0.045      0.838      4.647      4.724      0.140
  1472        213  (rho+)             -84  1438  1450  1819  1820     0     0     -0.485      0.111      2.785      3.012      1.034
  1473       2112  n0                  84  1438  1450     0     0     0     0      0.196      0.178      1.107      1.476      0.940
  1474      -2112  nbar0               84  1438  1450     0     0     0     0      0.147      0.791      1.413      1.877      0.940
  1475       -213  (rho-)             -84  1438  1450  1821  1822     0     0      0.102      0.826      0.150      1.152      0.782
  1476        113  (rho0)             -84  1438  1450  1823  1824     0     0     -0.759      2.228     -0.590      2.557      0.806
  1477        321  K+                  84  1438  1450     0     0     0     0      0.225      1.645     -1.105      2.055      0.494
  1478          2  (u)                -71   993   993  1485  1503   341     0      0.548      0.365    -81.966     81.969      0.330
  1479          2  (u)                -71   990   990  1485  1503   338     0      0.058      0.152   -728.966    728.966      0.330
  1480         21  (g)                -71   773   773  1485  1503   101   285      0.341     -0.543      2.194      2.286      0.000
  1481         21  (g)                -71   750   750  1485  1503   285   107      2.601      0.431     11.628     11.923      0.000
  1482         21  (g)                -71  1044  1044  1485  1503   107   301     -2.108      1.235      0.276      2.527      0.582
  1483         21  (g)                -71  1043  1043  1485  1503   301   185     -0.379      0.889     -0.370      1.037      0.070
  1484          2  (u)                -71   753   753  1485  1503   185     0      0.277      0.557      0.656      0.962      0.330
  1485        213  (rho+)             -86  1478  1484  1825  1826     0     0      0.469     -0.110   -375.109    375.111      1.188
  1486        111  (pi0)              -83  1478  1484  2079  2080     0     0     -0.977      0.326     -0.047      1.040      0.135
  1487        223  (omega)            -83  1478  1484  2081  2083     0     0     -0.234      0.813      0.566      1.279      0.774
  1488        211  pi+                 83  1478  1484     0     0     0     0      0.744      0.438      1.706      1.917      0.140
  1489       -213  (rho-)             -83  1478  1484  1827  1828     0     0     -0.270      0.248     -0.084      0.866      0.781
  1490        211  pi+                 83  1478  1484     0     0     0     0     -0.282      1.116      1.740      2.091      0.140
  1491        311  (K0)               -83  1478  1484  1829  1829     0     0      0.021     -0.501      0.761      1.038      0.498
  1492       -313  (K*bar0)           -83  1478  1484  1830  1831     0     0      0.823      0.390      2.420      2.741      0.911
  1493       -213  (rho-)             -83  1478  1484  1832  1833     0     0     -0.157     -0.609      0.792      1.265      0.760
  1494        111  (pi0)              -83  1478  1484  2084  2085     0     0      0.565      0.425      3.605      3.677      0.135
  1495        111  (pi0)              -84  1478  1484  2086  2087     0     0     -0.288      0.501      1.034      1.192      0.135
  1496       2212  p+                  84  1478  1484     0     0     0     0      0.663     -0.239      0.419      1.246      0.938
  1497       -213  (rho-)             -84  1478  1484  1834  1835     0     0      0.089     -0.334      0.386      0.839      0.659
  1498      -1114  (Deltabar+)        -84  1478  1484  1836  1837     0     0      0.139      0.423     -1.338      1.907      1.285
  1499       -211  pi-                 84  1478  1484     0     0     0     0      0.068     -0.215     -2.756      2.769      0.140
  1500        113  (rho0)             -84  1478  1484  1838  1839     0     0     -0.021      0.067     -9.727      9.765      0.864
  1501        113  (rho0)             -84  1478  1484  1840  1841     0     0     -0.146      0.019    -56.741     56.747      0.824
  1502        211  pi+                 84  1478  1484     0     0     0     0      0.214      0.117    -23.015     23.017      0.140
  1503       2114  (Delta0)           -88  1478  1484  1842  1843     0     0     -0.082      0.213   -341.160    341.164      1.529
  1504          1  (d)                -71   926   926  1513  1537   115     0     -1.591     -1.430     -8.700      8.965      0.330
  1505         21  (g)                -71   901   901  1513  1537   266   115     -0.861      2.401    429.658    429.665      0.000
  1506         21  (g)                -71   908   908  1513  1537   305   266      0.467      2.087    390.473    390.478      0.000
  1507         21  (g)                -71   909   909  1513  1537   144   305     -0.292      1.117    352.820    352.822      0.000
  1508         21  (g)                -71   856   856  1513  1537   229   144      0.809      0.017    337.227    337.228      0.000
  1509         21  (g)                -71   892   892  1513  1537   136   229     -0.496     -0.905     94.958     94.963      0.000
  1510         21  (g)                -71  1064  1064  1513  1537   236   136     -1.548     -0.699     90.212     90.229      0.232
  1511         21  (g)                -71   900   900  1513  1537   142   236     -0.729     -1.403     77.329     77.345      0.000
  1512         -2  (ubar)             -71   906   906  1513  1537     0   142      0.911     -2.682    114.875    114.910      0.330
  1513       -211  pi-                 83  1504  1512     0     0     0     0     -0.553     -0.977     -1.890      2.203      0.140
  1514        213  (rho+)             -83  1504  1512  1844  1845     0     0     -0.414      0.163     -2.402      2.534      0.674
  1515       -211  pi-                 83  1504  1512     0     0     0     0      0.035     -0.227     -2.111      2.128      0.140
  1516        211  pi+                 83  1504  1512     0     0     0     0     -0.451     -0.059     -0.833      0.959      0.140
  1517       -211  pi-                 83  1504  1512     0     0     0     0     -0.036     -0.388     -0.838      0.935      0.140
  1518        223  (omega)            -83  1504  1512  2088  2090     0     0     -0.215     -0.079      0.310      0.871      0.781
  1519        211  pi+                 83  1504  1512     0     0     0     0      0.177      0.214      3.255      3.270      0.140
  1520        113  (rho0)             -83  1504  1512  1846  1847     0     0      0.194      0.322      3.377      3.487      0.784
  1521       -213  (rho-)             -83  1504  1512  1848  1849     0     0     -0.178     -0.340      6.578      6.629      0.728
  1522        211  pi+                 83  1504  1512     0     0     0     0     -0.193      0.102      1.341      1.366      0.140
  1523        313  (K*0)              -83  1504  1512  1850  1851     0     0     -0.087     -0.098      9.999     10.028      0.743
  1524       -313  (K*bar0)           -83  1504  1512  1852  1853     0     0     -0.133      0.173     33.127     33.135      0.681
  1525        113  (rho0)             -83  1504  1512  1854  1855     0     0      0.104      0.138     14.628     14.649      0.777
  1526       -213  (rho-)             -83  1504  1512  1856  1857     0     0     -0.275      1.003     89.603     89.614      0.961
  1527       2114  (Delta0)           -83  1504  1512  1858  1859     0     0      0.361     -0.082    280.910    280.913      1.175
  1528      -1114  (Deltabar+)        -84  1504  1512  1860  1861     0     0      0.157      1.415    314.457    314.463      1.219
  1529        111  (pi0)              -84  1504  1512  2091  2092     0     0     -0.227      0.084     31.454     31.456      0.135
  1530        111  (pi0)              -84  1504  1512  2093  2094     0     0     -0.073      1.848    267.986    267.992      0.135
  1531        221  (eta)              -84  1504  1512  2095  2097     0     0     -0.107      0.496    148.743    148.745      0.548
  1532       -213  (rho-)             -84  1504  1512  1862  1863     0     0      0.017     -0.026    283.298    283.300      1.012
  1533        223  (omega)            -84  1504  1512  2098  2100     0     0     -1.129     -0.342     79.012     79.025      0.780
  1534        113  (rho0)             -84  1504  1512  1864  1865     0     0     -0.077     -0.944     86.879     86.888      0.757
  1535        213  (rho+)             -84  1504  1512  1866  1867     0     0     -0.306     -0.326     61.688     61.695      0.854
  1536        311  (K0)               -84  1504  1512  1868  1868     0     0      0.539     -1.682     80.871     80.892      0.498
  1537       -321  K-                  84  1504  1512     0     0     0     0     -0.459     -1.886     89.408     89.431      0.494
  1538          2  (u)                -71   987   987  1542  1560   335     0     -0.066      0.557   1007.706   1007.706      0.330
  1539          1  (d)                -71   991   991  1542  1560   150     0     -0.871     -0.277    -16.337     16.366      0.330
  1540         21  (g)                -71   864   864  1542  1560   133   286     -0.123     -0.162   -114.376    114.376      0.000
  1541          1  (d)                -71   916   916  1542  1560   286     0      1.611     -0.063   -103.390    103.403      0.330
  1542       -211  pi-                 85  1538  1541     0     0     0     0      0.345      0.076    -13.163     13.168      0.140
  1543       -211  pi-                 86  1538  1541     0     0     0     0      1.695      0.209   -118.045    118.057      0.140
  1544       3222  (Sigma+)           -83  1538  1541  2101  2102     0     0      0.108      0.154    796.810    796.811      1.189
  1545      -3322  (Xibar0)           -83  1538  1541  2103  2104     0     0     -0.512      0.103    120.305    120.313      1.315
  1546       -323  (K*-)              -83  1538  1541  1869  1870     0     0      0.603      0.241     29.891     29.912      0.909
  1547       2212  p+                  83  1538  1541     0     0     0     0     -0.024     -0.011     20.489     20.510      0.938
  1548      -2112  nbar0               83  1538  1541     0     0     0     0     -0.361      0.131     18.220     18.248      0.940
  1549       -211  pi-                 83  1538  1541     0     0     0     0     -0.190     -0.265      6.032      6.042      0.140
  1550        211  pi+                 83  1538  1541     0     0     0     0      0.320     -0.249      8.707      8.718      0.140
  1551        221  (eta)              -83  1538  1541  2105  2106     0     0     -0.316      0.627      2.559      2.709      0.548
  1552       -211  pi-                 83  1538  1541     0     0     0     0      0.267     -0.128      0.547      0.638      0.140
  1553        113  (rho0)             -83  1538  1541  1871  1872     0     0      0.079     -0.094      3.097      3.224      0.886
  1554        223  (omega)            -84  1538  1541  2107  2109     0     0      0.012      0.127      0.317      0.852      0.780
  1555        321  K+                  84  1538  1541     0     0     0     0      0.152     -0.286     -0.657      0.884      0.494
  1556       3122  (Lambda0)          -84  1538  1541  2110  2112     0     0     -0.001     -0.096     -3.702      3.868      1.116
  1557      -2212  pbar-               84  1538  1541     0     0     0     0     -0.327      0.155    -11.651     11.695      0.938
  1558        211  pi+                 84  1538  1541     0     0     0     0     -0.252     -0.167    -15.854     15.858      0.140
  1559       2114  (Delta0)           -88  1538  1541  1873  1874     0     0     -0.871      0.181    -36.929     36.960      1.218
  1560        213  (rho+)             -84  1538  1541  1875  1876     0     0     -0.176     -0.654    -33.369     33.383      0.687
  1561          1  (d)                -71   914   914  1588  1656   116     0     -0.850      2.583     30.123     30.248      0.330
  1562         21  (g)                -71   788   788  1588  1656   111   116      5.455     -2.530  -1132.241   1132.257      0.000
  1563         21  (g)                -71   852   852  1588  1656   182   111      4.012      1.988   -454.774    454.796      0.000
  1564         21  (g)                -71  1079  1079  1588  1656   210   182      2.355      3.530   -269.906    269.940      0.558
  1565         21  (g)                -71  1071  1071  1588  1656   292   210      0.432     -0.259    -16.977     16.986      0.171
  1566         21  (g)                -71   783   783  1588  1656   245   292      5.520     -4.440   -117.613    117.826      0.000
  1567         21  (g)                -71   962   962  1588  1656   208   245      0.348     -0.505     -9.187      9.207      0.000
  1568         21  (g)                -71   801   801  1588  1656   108   208      0.826     -1.458    -13.994     14.094      0.000
  1569         21  (g)                -71  1072  1072  1588  1656   238   108      1.332     -0.881     -4.527      4.805      0.194
  1570         21  (g)                -71  1077  1077  1588  1656   239   238      1.813     -0.443     -2.143      2.872      0.414
  1571         21  (g)                -71  1067  1067  1588  1656   306   239      6.125     -2.188     -2.850      7.102      0.055
  1572         21  (g)                -71   942   942  1588  1656   171   306      1.257     -0.591      0.358      1.434      0.000
  1573         21  (g)                -71  1075  1075  1588  1656   146   171      0.820     -1.693     -0.215      1.928      0.366
  1574         21  (g)                -71  1069  1069  1588  1656   216   146      1.312     -1.659      0.212      2.129      0.114
  1575         21  (g)                -71  1080  1080  1588  1656   168   216      4.009     -5.029      3.619      7.401      0.567
  1576         21  (g)                -71  1070  1070  1588  1656   233   168      2.695     -1.688      2.563      4.087      0.165
  1577         21  (g)                -71   896   896  1588  1656   134   233      0.336     -0.567      0.638      0.917      0.000
  1578         21  (g)                -71   879   879  1588  1656   151   134     -0.900      0.139      4.844      4.929      0.000
  1579         21  (g)                -71  1074  1074  1588  1656   148   151     -1.249      2.144     10.535     10.826      0.253
  1580         21  (g)                -71  1076  1076  1588  1656   243   148      0.498      2.481     20.937     21.093      0.384
  1581         21  (g)                -71  1068  1068  1588  1656   180   243     -0.293      1.581     12.431     12.535      0.057
  1582         21  (g)                -71   885   885  1588  1656   328   180     -0.949      1.080     11.362     11.452      0.000
  1583         21  (g)                -71   875   875  1588  1656   177   328     -1.524      0.764     23.560     23.622      0.000
  1584         21  (g)                -71   893   893  1588  1656   135   177     -1.846      2.216     67.109     67.171      0.000
  1585         21  (g)                -71  1078  1078  1588  1656   201   135      1.277      2.606     76.712     76.768      0.507
  1586         21  (g)                -71   928   928  1588  1656   181   201      0.538      0.201     13.779     13.791      0.000
  1587         -1  (dbar)             -71   988   988  1588  1656     0   181     -0.117      0.505    479.918    479.919      0.330
  1588        223  (omega)            -83  1561  1587  2113  2114     0     0     -0.874      1.645     24.062     24.147      0.789
  1589       -211  pi-                 83  1561  1587     0     0     0     0      0.002      0.158      2.387      2.396      0.140
  1590        223  (omega)            -83  1561  1587  2115  2117     0     0      0.393      0.655      0.513      1.190      0.755
  1591        113  (rho0)             -83  1561  1587  1877  1878     0     0     -0.305     -0.020      2.057      2.235      0.817
  1592        223  (omega)            -83  1561  1587  2118  2120     0     0     -0.123     -0.134     -0.312      0.860      0.781
  1593        223  (omega)            -83  1561  1587  2121  2123     0     0     -0.148     -0.102     -0.906      1.209      0.780
  1594        211  pi+                 83  1561  1587     0     0     0     0     -0.247      0.170     -0.017      0.331      0.140
  1595        113  (rho0)             -83  1561  1587  1879  1880     0     0      0.438      0.350     -2.299      2.475      0.727
  1596       -211  pi-                 83  1561  1587     0     0     0     0     -0.150      0.053     -2.273      2.282      0.140
  1597        221  (eta)              -83  1561  1587  2124  2126     0     0      0.126     -0.299    -21.930     21.940      0.548
  1598        111  (pi0)              -83  1561  1587  2127  2128     0     0      0.281      0.205    -23.953     23.956      0.135
  1599        211  pi+                 83  1561  1587     0     0     0     0      0.075     -0.526    -55.811     55.814      0.140
  1600       -211  pi-                 83  1561  1587     0     0     0     0      0.102      0.030     -0.972      0.988      0.140
  1601        323  (K*+)              -83  1561  1587  1881  1882     0     0      2.108     -0.414   -386.478    386.486      1.052
  1602       -313  (K*bar0)           -83  1561  1587  1883  1884     0     0      0.687      0.108   -137.885    137.890      0.878
  1603        221  (eta)              -83  1561  1587  2129  2131     0     0      2.090     -0.577   -304.053    304.061      0.548
  1604       -211  pi-                 83  1561  1587     0     0     0     0      0.536     -0.048   -173.708    173.709      0.140
  1605        213  (rho+)             -83  1561  1587  1885  1886     0     0      1.727     -0.564   -202.186    202.195      0.742
  1606        111  (pi0)              -83  1561  1587  2132  2133     0     0      2.046      1.907   -249.562    249.577      0.135
  1607        111  (pi0)              -83  1561  1587  2134  2135     0     0      0.160      0.054    -32.676     32.677      0.135
  1608       -213  (rho-)             -83  1561  1587  1887  1888     0     0      0.999      1.074   -125.660    125.671      0.786
  1609        211  pi+                 83  1561  1587     0     0     0     0      0.189      0.130    -11.108     11.112      0.140
  1610       -211  pi-                 83  1561  1587     0     0     0     0      0.753      0.568    -78.557     78.563      0.140
  1611        111  (pi0)              -83  1561  1587  2136  2137     0     0      0.137      0.696    -15.556     15.573      0.135
  1612        111  (pi0)              -83  1561  1587  2138  2139     0     0      0.403     -0.222    -25.548     25.552      0.135
  1613        211  pi+                 83  1561  1587     0     0     0     0      0.077      0.032     -1.916      1.923      0.140
  1614       -211  pi-                 83  1561  1587     0     0     0     0      0.713     -0.041    -23.039     23.050      0.140
  1615        211  pi+                 83  1561  1587     0     0     0     0      0.244     -0.430     -8.791      8.806      0.140
  1616        113  (rho0)             -83  1561  1587  1889  1890     0     0      1.768     -1.597    -45.929     46.007      1.239
  1617       -211  pi-                 83  1561  1587     0     0     0     0      1.768     -1.524    -28.384     28.480      0.140
  1618        111  (pi0)              -83  1561  1587  2140  2141     0     0     -0.066     -0.373     -3.704      3.726      0.135
  1619        211  pi+                 83  1561  1587     0     0     0     0      0.404      0.242     -4.467      4.494      0.140
  1620       2212  p+                  83  1561  1587     0     0     0     0      0.769     -1.320    -24.856     24.921      0.938
  1621      -2214  (Deltabar-)        -84  1561  1587  1891  1892     0     0      1.370     -0.507    -16.371     16.478      1.179
  1622        311  (K0)               -84  1561  1587  1893  1893     0     0      0.465     -0.988     -3.898      4.078      0.498
  1623       -311  (Kbar0)            -84  1561  1587  1894  1894     0     0      0.596      0.186     -2.101      2.248      0.498
  1624       -211  pi-                 84  1561  1587     0     0     0     0      0.107     -0.156      0.121      0.264      0.140
  1625        213  (rho+)             -84  1561  1587  1895  1896     0     0      1.528     -0.737     -3.924      4.368      0.897
  1626        311  (K0)               -84  1561  1587  1897  1897     0     0      0.501     -0.421     -1.127      1.395      0.498
  1627       -321  K-                  84  1561  1587     0     0     0     0      2.770     -0.603     -2.073      3.546      0.494
  1628        111  (pi0)              -84  1561  1587  2142  2143     0     0      1.546     -0.762     -0.260      1.748      0.135
  1629        211  pi+                 84  1561  1587     0     0     0     0      0.058     -0.236     -0.044      0.284      0.140
  1630        221  (eta)              -84  1561  1587  2144  2145     0     0      1.538     -1.101     -0.731      2.101      0.548
  1631       -211  pi-                 84  1561  1587     0     0     0     0      0.618     -0.655      0.122      0.919      0.140
  1632        113  (rho0)             -84  1561  1587  1898  1899     0     0      0.810     -0.646      0.145      1.308      0.786
  1633        211  pi+                 84  1561  1587     0     0     0     0      1.935     -2.463      1.069      3.313      0.140
  1634       -211  pi-                 84  1561  1587     0     0     0     0      0.210     -0.139     -0.148      0.324      0.140
  1635        211  pi+                 84  1561  1587     0     0     0     0      0.599     -0.148      0.306      0.703      0.140
  1636        221  (eta)              -84  1561  1587  2146  2148     0     0      1.752     -1.739      1.026      2.729      0.548
  1637        111  (pi0)              -84  1561  1587  2149  2150     0     0      1.496     -2.546      1.807      3.464      0.135
  1638        223  (omega)            -84  1561  1587  2151  2153     0     0      1.370     -0.714      1.130      2.069      0.786
  1639       -213  (rho-)             -84  1561  1587  1900  1901     0     0      0.951     -1.007      1.652      2.233      0.583
  1640        211  pi+                 84  1561  1587     0     0     0     0     -0.230      0.230      0.416      0.546      0.140
  1641        113  (rho0)             -84  1561  1587  1902  1903     0     0     -0.110      0.130      4.138      4.224      0.831
  1642       2112  n0                  84  1561  1587     0     0     0     0     -0.268      0.309      4.172      4.296      0.940
  1643        221  (eta)              -84  1561  1587  2154  2156     0     0      0.425      0.733      3.324      3.473      0.548
  1644      -2114  (Deltabar0)        -84  1561  1587  1904  1905     0     0     -1.297      2.353     20.586     20.805      1.358
  1645       -211  pi-                 84  1561  1587     0     0     0     0     -0.554      0.894      8.235      8.303      0.140
  1646        213  (rho+)             -84  1561  1587  1906  1907     0     0     -1.280      2.202     28.354     28.479      0.806
  1647       -213  (rho-)             -84  1561  1587  1908  1909     0     0      0.583      0.299     10.683     10.728      0.732
  1648       2212  p+                  84  1561  1587     0     0     0     0     -1.490      1.276     22.946     23.049      0.938
  1649      -2212  pbar-               84  1561  1587     0     0     0     0     -0.096      1.063     35.118     35.147      0.938
  1650        111  (pi0)              -84  1561  1587  2157  2158     0     0     -0.440      0.306      5.577      5.604      0.135
  1651        111  (pi0)              -84  1561  1587  2159  2160     0     0      0.689      1.022     33.924     33.947      0.135
  1652        221  (eta)              -84  1561  1587  2161  2163     0     0     -0.468      0.829     28.739     28.760      0.548
  1653       2212  p+                  84  1561  1587     0     0     0     0     -0.132      0.566     44.802     44.815      0.938
  1654      -2112  nbar0               84  1561  1587     0     0     0     0     -0.325      0.649    234.432    234.435      0.940
  1655       -211  pi-                 84  1561  1587     0     0     0     0      0.974      0.309     71.645     71.652      0.140
  1656        213  (rho+)             -84  1561  1587  1910  1911     0     0     -0.052      0.207    164.001    164.006      1.349
  1657        130  K_L0                91  1115  1115     0     0     0     0      0.270     -1.856      4.924      5.293      0.498
  1658        211  pi+                 91  1118     0     0     0     0     0      0.059     -0.450      1.748      1.812      0.140
  1659        111  (pi0)              -91  1118     0  2164  2165     0     0      0.270     -1.022      1.269      1.657      0.135
  1660        211  pi+                 91  1120     0     0     0     0     0     -1.001     -0.630      1.322      1.779      0.140
  1661        111  (pi0)              -91  1120     0  2166  2167     0     0     -0.148      0.080     -0.073      0.228      0.135
  1662        321  K+                  91  1131     0     0     0     0     0      0.165      0.569     -0.392      0.865      0.494
  1663       -211  pi-                 91  1131     0     0     0     0     0     -0.210      0.330     -0.727      0.837      0.140
  1664       -311  (Kbar0)            -91  1132     0  1912  1912     0     0     -0.473      0.336     -1.841      1.994      0.498
  1665        111  (pi0)              -91  1132     0  2168  2169     0     0     -0.090     -0.174     -0.203      0.313      0.135
  1666        211  pi+                 91  1135     0     0     0     0     0     -0.708      0.518     -0.946      1.298      0.140
  1667        111  (pi0)              -91  1135     0  2170  2171     0     0      0.119      0.081     -0.488      0.526      0.135
  1668        130  K_L0                91  1147  1147     0     0     0     0     -0.135     -0.115    -57.652     57.655      0.498
  1669       -321  K-                  91  1148     0     0     0     0     0      0.213     -0.348    -35.565     35.570      0.494
  1670        211  pi+                 91  1148     0     0     0     0     0      0.242      0.176     -6.295      6.304      0.140
  1671        211  pi+                 91  1150     0     0     0     0     0     -0.049     -0.123     -1.280      1.294      0.140
  1672        111  (pi0)              -91  1150     0  2172  2173     0     0      0.170      0.321    -13.623     13.629      0.135
  1673        211  pi+                 91  1170     0     0     0     0     0      0.214      0.028      0.060      0.264      0.140
  1674        111  (pi0)              -91  1170     0  2174  2175     0     0      0.094      0.643     -0.716      0.977      0.135
  1675        211  pi+                 91  1171     0     0     0     0     0     -0.863      1.107     -0.697      1.574      0.140
  1676       -211  pi-                 91  1171     0     0     0     0     0     -0.686      0.376     -0.862      1.172      0.140
  1677       -211  pi-                 91  1172     0     0     0     0     0     -0.143      0.723     -0.552      0.931      0.140
  1678        111  (pi0)              -91  1172     0  2176  2177     0     0     -0.471      0.116     -0.352      0.614      0.135
  1679        130  K_L0                91  1174  1174     0     0     0     0     -1.080     -0.092     -1.201      1.693      0.498
  1680        130  K_L0                91  1179  1179     0     0     0     0     -1.990     -1.401     -2.430      3.475      0.498
  1681       -311  (Kbar0)            -91  1180     0  1913  1913     0     0     -0.351     -0.131     -0.637      0.891      0.498
  1682       -211  pi-                 91  1180     0     0     0     0     0      0.069      0.184      0.032      0.243      0.140
  1683       -211  pi-                 91  1184     0     0     0     0     0     -0.072     -0.696     -0.530      0.889      0.140
  1684        111  (pi0)              -91  1184     0  2178  2179     0     0     -1.326     -1.297     -0.342      1.890      0.135
  1685        130  K_L0                91  1186  1186     0     0     0     0     -0.733     -0.907      0.397      1.329      0.498
  1686        130  K_L0                91  1187  1187     0     0     0     0     -0.348     -0.360      0.144      0.721      0.498
  1687       -311  (Kbar0)            -91  1202     0  1914  1914     0     0     -1.080      1.794      1.343      2.537      0.498
  1688       -211  pi-                 91  1202     0     0     0     0     0     -0.309      1.029      1.013      1.484      0.140
  1689        211  pi+                 91  1208     0     0     0     0     0     -0.751      0.944      4.127      4.302      0.140
  1690        111  (pi0)              -91  1208     0  2180  2181     0     0     -0.133      0.108      0.189      0.289      0.135
  1691        321  K+                  91  1214     0     0     0     0     0     -0.163     -0.283      6.227      6.255      0.494
  1692       -211  pi-                 91  1214     0     0     0     0     0     -0.149     -0.152      0.619      0.669      0.140
  1693       -321  K-                  91  1215     0     0     0     0     0     -0.307     -0.425      2.197      2.312      0.494
  1694        211  pi+                 91  1215     0     0     0     0     0      0.152     -0.307      1.082      1.144      0.140
  1695       -211  pi-                 91  1219     0     0     0     0     0     -0.471     -0.274      1.308      1.424      0.140
  1696        111  (pi0)              -91  1219     0  2182  2183     0     0      0.903     -0.259      1.848      2.077      0.135
  1697        211  pi+                 91  1220     0     0     0     0     0      0.737      0.447      1.071      1.382      0.140
  1698        111  (pi0)              -91  1220     0  2184  2185     0     0     -0.068     -0.134      0.504      0.543      0.135
  1699        321  K+                  91  1221     0     0     0     0     0     -0.016      0.028      0.798      0.939      0.494
  1700       -211  pi-                 91  1221     0     0     0     0     0      0.182      0.434      0.325      0.589      0.140
  1701        211  pi+                 91  1238     0     0     0     0     0     -0.256      0.138      0.400      0.514      0.140
  1702        111  (pi0)              -91  1238     0  2186  2187     0     0     -0.003     -0.183      2.361      2.372      0.135
  1703       -311  (Kbar0)            -91  1242     0  1915  1915     0     0     -0.101     -0.945     -2.332      2.567      0.498
  1704       -211  pi-                 91  1242     0     0     0     0     0      0.218     -0.411     -1.881      1.943      0.140
  1705       -211  pi-                 91  1247     0     0     0     0     0     -0.013      0.194     -8.542      8.545      0.140
  1706        111  (pi0)              -91  1247     0  2188  2189     0     0     -0.109      0.027     -0.520      0.549      0.135
  1707        311  (K0)               -91  1253     0  1916  1916     0     0     -0.079     -0.278     -1.432      1.544      0.498
  1708        111  (pi0)              -91  1253     0  2190  2191     0     0      0.215      0.129     -0.315      0.424      0.135
  1709        130  K_L0                91  1254  1254     0     0     0     0      0.165      0.049     -0.154      0.549      0.498
  1710        310  (K_S0)             -91  1268  1268  2192  2193     0     0      0.038      1.782    -16.408     16.512      0.498
  1711       -311  (Kbar0)            -91  1271     0  1917  1917     0     0     -1.451      4.238    -51.508     51.705      0.498
  1712       -211  pi-                 91  1271     0     0     0     0     0     -0.577      2.387    -25.145     25.265      0.140
  1713      -2212  pbar-               91  1275     0     0     0     0     0     -0.713      1.261    -20.760     20.832      0.938
  1714        211  pi+                 91  1275     0     0     0     0     0     -0.257      0.640    -11.595     11.616      0.140
  1715        211  pi+                 91  1276     0     0     0     0     0     -0.043      0.687     -5.172      5.220      0.140
  1716        111  (pi0)              -91  1276     0  2194  2195     0     0     -0.510      0.552    -12.008     12.032      0.135
  1717       -211  pi-                 91  1278     0     0     0     0     0     -0.352      0.020    -10.671     10.678      0.140
  1718        111  (pi0)              -91  1278     0  2196  2197     0     0     -1.040     -0.904    -18.505     18.556      0.135
  1719        211  pi+                 91  1279     0     0     0     0     0     -0.546     -0.967    -13.199     13.246      0.140
  1720        111  (pi0)              -91  1279     0  2198  2199     0     0     -0.490     -0.045     -5.095      5.120      0.135
  1721        211  pi+                 91  1307     0     0     0     0     0      0.073      0.157      4.404      4.410      0.140
  1722        111  (pi0)              -91  1307     0  2200  2201     0     0      0.272     -0.414     44.827     44.830      0.135
  1723       -211  pi-                 91  1310     0     0     0     0     0      0.579     -0.138     14.985     14.998      0.140
  1724        111  (pi0)              -91  1310     0  2202  2203     0     0      0.370     -0.769     14.638     14.663      0.135
  1725        211  pi+                 91  1312     0     0     0     0     0      0.149      0.018      7.574      7.576      0.140
  1726        111  (pi0)              -91  1312     0  2204  2205     0     0      0.290     -0.373      3.420      3.456      0.135
  1727       2112  n0                  91  1315     0     0     0     0     0      1.101     -0.206      6.138      6.310      0.940
  1728       -211  pi-                 91  1315     0     0     0     0     0      0.448     -0.144      2.679      2.723      0.140
  1729      -2112  nbar0               91  1316     0     0     0     0     0      0.972     -0.147      6.664      6.801      0.940
  1730        211  pi+                 91  1316     0     0     0     0     0      0.020     -0.178      0.464      0.517      0.140
  1731        310  (K_S0)             -91  1317  1317  2206  2207     0     0      0.666      0.051      2.856      2.975      0.498
  1732       -311  (Kbar0)            -91  1318     0  1918  1918     0     0      1.067     -0.368      5.977      6.103      0.498
  1733       -211  pi-                 91  1318     0     0     0     0     0      2.104     -0.324      6.308      6.659      0.140
  1734       -321  K-                  91  1325     0     0     0     0     0      1.847      0.670      4.740      5.155      0.494
  1735        211  pi+                 91  1325     0     0     0     0     0      0.259     -0.026      1.250      1.284      0.140
  1736        321  K+                  91  1328     0     0     0     0     0      0.093     -0.090      2.103      2.164      0.494
  1737       -211  pi-                 91  1328     0     0     0     0     0      0.123      0.416      0.518      0.691      0.140
  1738        310  (K_S0)             -91  1329  1329  2208  2209     0     0      1.087     -1.364      4.606      4.950      0.498
  1739        321  K+                  91  1332     0     0     0     0     0     -0.862     -0.763      1.790      2.185      0.494
  1740       -211  pi-                 91  1332     0     0     0     0     0     -0.489      0.042      1.023      1.143      0.140
  1741        310  (K_S0)             -91  1333  1333  2210  2211     0     0     -0.996     -1.518      2.393      3.045      0.498
  1742        311  (K0)               -91  1336     0  1919  1919     0     0     -0.893      0.072      1.503      1.819      0.498
  1743        111  (pi0)              -91  1336     0  2212  2213     0     0     -1.019      0.508      1.918      2.235      0.135
  1744        211  pi+                 91  1360     0     0     0     0     0     -0.063      0.378     -0.006      0.408      0.140
  1745        111  (pi0)              -91  1360     0  2214  2215     0     0     -0.660      0.391     -0.512      0.932      0.135
  1746        211  pi+                 91  1361     0     0     0     0     0     -0.315      0.108     -1.131      1.187      0.140
  1747       -211  pi-                 91  1361     0     0     0     0     0      0.509      0.378     -0.401      0.763      0.140
  1748        311  (K0)               -91  1364     0  1920  1920     0     0      0.276      0.245     -2.321      2.402      0.498
  1749        211  pi+                 91  1364     0     0     0     0     0     -0.283      0.113     -1.509      1.545      0.140
  1750        310  (K_S0)             -91  1365  1365  2216  2217     0     0     -0.440      0.815     -3.825      3.967      0.498
  1751        130  K_L0                91  1366  1366     0     0     0     0     -0.354      1.286     -4.600      4.816      0.498
  1752       -311  (Kbar0)            -91  1367     0  1921  1921     0     0     -0.729      0.653     -6.901      6.988      0.498
  1753       -211  pi-                 91  1367     0     0     0     0     0     -0.433     -0.028     -1.663      1.724      0.140
  1754        211  pi+                 91  1368     0     0     0     0     0     -0.924      1.045     -5.707      5.877      0.140
  1755        111  (pi0)              -91  1368     0  2218  2219     0     0      0.027     -0.053     -0.385      0.412      0.135
  1756        211  pi+                 91  1370     0     0     0     0     0      0.054     -0.246     -3.151      3.164      0.140
  1757        111  (pi0)              -91  1370     0  2220  2221     0     0     -1.164     -0.147     -4.519      4.671      0.135
  1758        311  (K0)               -91  1371     0  1922  1922     0     0     -0.276      0.526     -4.530      4.596      0.498
  1759        111  (pi0)              -91  1371     0  2222  2223     0     0      0.127      0.717     -3.123      3.209      0.135
  1760        130  K_L0                91  1372  1372     0     0     0     0      0.701     -0.180     -5.292      5.364      0.498
  1761        211  pi+                 91  1374     0     0     0     0     0      1.162      0.611    -13.387     13.452      0.140
  1762        111  (pi0)              -91  1374     0  2224  2225     0     0      0.020      0.215     -1.155      1.182      0.135
  1763      -2212  pbar-               91  1375     0     0     0     0     0     -0.246      1.326    -17.909     17.984      0.938
  1764        111  (pi0)              -91  1375     0  2226  2227     0     0      0.112      0.224     -2.399      2.415      0.135
  1765       2112  n0                  91  1376     0     0     0     0     0     -0.208      0.405    -16.238     16.271      0.940
  1766       -211  pi-                 91  1376     0     0     0     0     0      0.017      0.258     -2.375      2.393      0.140
  1767      -2112  nbar0               91  1377     0     0     0     0     0     -1.040      0.246    -23.319     23.362      0.940
  1768        111  (pi0)              -91  1377     0  2228  2229     0     0      0.152      0.181    -15.517     15.520      0.135
  1769        211  pi+                 91  1378     0     0     0     0     0     -0.196      0.116     -0.564      0.624      0.140
  1770        111  (pi0)              -91  1378     0  2230  2231     0     0     -0.421      0.531    -15.138     15.154      0.135
  1771        211  pi+                 91  1379     0     0     0     0     0     -0.268     -0.479    -10.075     10.090      0.140
  1772       -211  pi-                 91  1379     0     0     0     0     0     -0.832      0.201    -13.222     13.250      0.140
  1773        310  (K_S0)             -91  1380  1380  2232  2233     0     0     -0.266     -0.262     -9.997     10.016      0.498
  1774        211  pi+                 91  1383     0     0     0     0     0     -0.179     -0.059     -3.666      3.673      0.140
  1775        111  (pi0)              -91  1383     0  2234  2235     0     0      0.440      0.435    -45.960     45.964      0.135
  1776        310  (K_S0)             -91  1385  1385  2236  2237     0     0     -0.644      0.033    -52.988     52.995      0.498
  1777        211  pi+                 91  1387     0     0     0     0     0      0.073      0.617    -34.937     34.943      0.140
  1778       -211  pi-                 91  1387     0     0     0     0     0     -0.301      1.087   -125.142    125.147      0.140
  1779        321  K+                  91  1391     0     0     0     0     0      0.434      0.010     18.274     18.285      0.494
  1780       -211  pi-                 91  1391     0     0     0     0     0      0.104     -0.276     21.107     21.110      0.140
  1781       -311  (Kbar0)            -91  1392     0  1923  1923     0     0      0.346     -0.508      9.853      9.884      0.498
  1782       -211  pi-                 91  1392     0     0     0     0     0     -0.165     -0.105      4.611      4.617      0.140
  1783        211  pi+                 91  1393     0     0     0     0     0      0.297      0.208      1.333      1.388      0.140
  1784        111  (pi0)              -91  1393     0  2238  2239     0     0      0.237     -0.493     11.827     11.840      0.135
  1785        211  pi+                 91  1397     0     0     0     0     0     -0.270     -0.117      0.048      0.329      0.140
  1786        111  (pi0)              -91  1397     0  2240  2241     0     0      0.230      0.343      0.370      0.571      0.135
  1787        321  K+                  91  1402     0     0     0     0     0      0.089      0.277     -5.346      5.377      0.494
  1788       -211  pi-                 91  1402     0     0     0     0     0     -0.193     -0.117     -3.898      3.907      0.140
  1789       -321  K-                  91  1403     0     0     0     0     0     -0.215     -0.384    -22.361     22.371      0.494
  1790        211  pi+                 91  1403     0     0     0     0     0     -0.464     -0.424    -17.208     17.220      0.140
  1791        211  pi+                 91  1406     0     0     0     0     0     -0.395     -2.294    -24.407     24.518      0.140
  1792        111  (pi0)              -91  1406     0  2242  2243     0     0     -0.097      0.029     -8.664      8.666      0.135
  1793        211  pi+                 91  1408     0     0     0     0     0     -0.015     -0.318     -1.094      1.148      0.140
  1794        111  (pi0)              -91  1408     0  2244  2245     0     0      0.083      0.371     -2.642      2.673      0.135
  1795       2212  p+                  91  1410     0     0     0     0     0      0.080      0.042     -0.606      1.120      0.938
  1796        211  pi+                 91  1410     0     0     0     0     0     -0.215      0.023     -0.022      0.258      0.140
  1797      -2212  pbar-               91  1412     0     0     0     0     0     -0.064      0.410      0.320      1.074      0.938
  1798       -211  pi-                 91  1412     0     0     0     0     0      0.077     -0.134     -0.011      0.208      0.140
  1799       -211  pi-                 91  1416     0     0     0     0     0     -0.007     -0.171      0.840      0.869      0.140
  1800        111  (pi0)              -91  1416     0  2246  2247     0     0     -0.363     -0.202     27.236     27.239      0.135
  1801        211  pi+                 91  1417     0     0     0     0     0     -0.272      0.184      3.617      3.635      0.140
  1802        111  (pi0)              -91  1417     0  2248  2249     0     0     -0.424     -0.263     17.896     17.903      0.135
  1803       2112  n0                  91  1427     0     0     0     0     0      0.337     -0.683     -1.955      2.299      0.940
  1804       -211  pi-                 91  1427     0     0     0     0     0     -0.068     -0.034      0.001      0.159      0.140
  1805      -2112  nbar0               91  1428     0     0     0     0     0      0.387     -0.526     -2.399      2.658      0.940
  1806        211  pi+                 91  1428     0     0     0     0     0      0.413      0.049     -1.309      1.381      0.140
  1807       -211  pi-                 91  1429     0     0     0     0     0     -0.206      0.131     -5.968      5.975      0.140
  1808        111  (pi0)              -91  1429     0  2250  2251     0     0     -0.107      0.151     -0.449      0.504      0.135
  1809        211  pi+                 91  1430     0     0     0     0     0     -0.040      0.024    -14.647     14.648      0.140
  1810        111  (pi0)              -91  1430     0  2252  2253     0     0      0.030     -0.492     -7.064      7.083      0.135
  1811       -211  pi-                 91  1433     0     0     0     0     0     -0.118     -0.008    -25.919     25.920      0.140
  1812        111  (pi0)              -91  1433     0  2254  2255     0     0      0.613     -0.541    -55.873     55.879      0.135
  1813        310  (K_S0)             -91  1456  1456  2256  2257     0     0     -0.266      0.005      8.461      8.480      0.498
  1814        130  K_L0                91  1459  1459     0     0     0     0     -0.781     -0.308     38.944     38.956      0.498
  1815        310  (K_S0)             -91  1467  1467  2258  2259     0     0     -0.696     -0.286     27.817     27.831      0.498
  1816        310  (K_S0)             -91  1468  1468  2260  2261     0     0      0.569      0.395     14.416     14.441      0.498
  1817        211  pi+                 91  1470     0     0     0     0     0      0.090      0.342      2.111      2.145      0.140
  1818        111  (pi0)              -91  1470     0  2262  2263     0     0      0.444     -0.333      4.567      4.602      0.135
  1819        211  pi+                 91  1472     0     0     0     0     0     -0.148     -0.032      2.547      2.555      0.140
  1820        111  (pi0)              -91  1472     0  2264  2265     0     0     -0.336      0.143      0.238      0.457      0.135
  1821       -211  pi-                 91  1475     0     0     0     0     0      0.267      0.598      0.374      0.767      0.140
  1822        111  (pi0)              -91  1475     0  2266  2267     0     0     -0.165      0.228     -0.224      0.384      0.135
  1823        211  pi+                 91  1476     0     0     0     0     0     -0.335      0.341      0.081      0.505      0.140
  1824       -211  pi-                 91  1476     0     0     0     0     0     -0.423      1.887     -0.671      2.052      0.140
  1825        211  pi+                 91  1485     0     0     0     0     0      0.850     -0.047   -276.412    276.413      0.140
  1826        111  (pi0)              -91  1485     0  2268  2269     0     0     -0.380     -0.063    -98.698     98.698      0.135
  1827       -211  pi-                 91  1489     0     0     0     0     0     -0.174      0.503     -0.111      0.561      0.140
  1828        111  (pi0)              -91  1489     0  2270  2271     0     0     -0.096     -0.255      0.028      0.305      0.135
  1829        310  (K_S0)             -91  1491  1491  2272  2273     0     0      0.021     -0.501      0.761      1.038      0.498
  1830       -321  K-                  91  1492     0     0     0     0     0      0.519      0.382      2.189      2.335      0.494
  1831        211  pi+                 91  1492     0     0     0     0     0      0.304      0.008      0.230      0.406      0.140
  1832       -211  pi-                 91  1493     0     0     0     0     0     -0.125      0.028      0.529      0.562      0.140
  1833        111  (pi0)              -91  1493     0  2274  2275     0     0     -0.031     -0.637      0.263      0.703      0.135
  1834       -211  pi-                 91  1497     0     0     0     0     0     -0.228     -0.273      0.124      0.402      0.140
  1835        111  (pi0)              -91  1497     0  2276  2277     0     0      0.317     -0.061      0.262      0.437      0.135
  1836      -2112  nbar0               91  1498     0     0     0     0     0      0.199      0.082     -1.111      1.471      0.940
  1837        211  pi+                 91  1498     0     0     0     0     0     -0.061      0.341     -0.227      0.437      0.140
  1838        211  pi+                 91  1500     0     0     0     0     0      0.391      0.021     -5.629      5.644      0.140
  1839       -211  pi-                 91  1500     0     0     0     0     0     -0.411      0.046     -4.098      4.121      0.140
  1840        211  pi+                 91  1501     0     0     0     0     0     -0.110      0.388    -34.698     34.701      0.140
  1841       -211  pi-                 91  1501     0     0     0     0     0     -0.036     -0.369    -22.043     22.047      0.140
  1842       2212  p+                  91  1503     0     0     0     0     0     -0.458     -0.077   -220.611    220.614      0.938
  1843       -211  pi-                 91  1503     0     0     0     0     0      0.376      0.291   -120.549    120.550      0.140
  1844        211  pi+                 91  1514     0     0     0     0     0      0.054     -0.106     -1.145      1.160      0.140
  1845        111  (pi0)              -91  1514     0  2278  2279     0     0     -0.468      0.269     -1.256      1.374      0.135
  1846        211  pi+                 91  1520     0     0     0     0     0      0.131     -0.225      0.958      1.002      0.140
  1847       -211  pi-                 91  1520     0     0     0     0     0      0.063      0.547      2.419      2.485      0.140
  1848       -211  pi-                 91  1521     0     0     0     0     0      0.009     -0.004      0.237      0.275      0.140
  1849        111  (pi0)              -91  1521     0  2280  2281     0     0     -0.187     -0.336      6.341      6.354      0.135
  1850        311  (K0)               -91  1523     0  1924  1924     0     0     -0.199      0.030      7.366      7.386      0.498
  1851        111  (pi0)              -91  1523     0  2282  2283     0     0      0.112     -0.128      2.633      2.642      0.135
  1852       -311  (Kbar0)            -91  1524     0  1925  1925     0     0     -0.133      0.146     20.566     20.573      0.498
  1853        111  (pi0)              -91  1524     0  2284  2285     0     0     -0.000      0.027     12.560     12.561      0.135
  1854        211  pi+                 91  1525     0     0     0     0     0      0.127      0.135      1.278      1.299      0.140
  1855       -211  pi-                 91  1525     0     0     0     0     0     -0.022      0.003     13.349     13.350      0.140
  1856       -211  pi-                 91  1526     0     0     0     0     0      0.114      0.360     59.940     59.941      0.140
  1857        111  (pi0)              -91  1526     0  2286  2287     0     0     -0.389      0.643     29.663     29.673      0.135
  1858       2112  n0                  91  1527     0     0     0     0     0      0.145     -0.084    241.018    241.020      0.940
  1859        111  (pi0)              -91  1527     0  2288  2289     0     0      0.216      0.002     39.892     39.893      0.135
  1860      -2112  nbar0               91  1528     0     0     0     0     0      0.222      1.355    300.550    300.555      0.940
  1861        211  pi+                 91  1528     0     0     0     0     0     -0.065      0.060     13.907     13.908      0.140
  1862       -211  pi-                 91  1532     0     0     0     0     0     -0.368      0.277    168.364    168.365      0.140
  1863        111  (pi0)              -91  1532     0  2290  2291     0     0      0.385     -0.302    114.934    114.935      0.135
  1864        211  pi+                 91  1534     0     0     0     0     0     -0.315     -0.856     67.051     67.057      0.140
  1865       -211  pi-                 91  1534     0     0     0     0     0      0.238     -0.088     19.828     19.831      0.140
  1866        211  pi+                 91  1535     0     0     0     0     0      0.230      0.027     11.192     11.196      0.140
  1867        111  (pi0)              -91  1535     0  2292  2293     0     0     -0.536     -0.353     50.495     50.499      0.135
  1868        310  (K_S0)             -91  1536  1536  2294  2295     0     0      0.539     -1.682     80.871     80.892      0.498
  1869       -311  (Kbar0)            -91  1546     0  1926  1926     0     0      0.236     -0.081     20.084     20.091      0.498
  1870       -211  pi-                 91  1546     0     0     0     0     0      0.367      0.322      9.808      9.821      0.140
  1871        211  pi+                 91  1553     0     0     0     0     0     -0.331      0.066      2.008      2.041      0.140
  1872       -211  pi-                 91  1553     0     0     0     0     0      0.410     -0.160      1.089      1.183      0.140
  1873       2112  n0                  91  1559     0     0     0     0     0     -0.590     -0.064    -27.042     27.065      0.940
  1874        111  (pi0)              -91  1559     0  2296  2297     0     0     -0.281      0.245     -9.887      9.895      0.135
  1875        211  pi+                 91  1560     0     0     0     0     0     -0.152     -0.382     -7.759      7.771      0.140
  1876        111  (pi0)              -91  1560     0  2298  2299     0     0     -0.024     -0.272    -25.610     25.612      0.135
  1877        211  pi+                 91  1591     0     0     0     0     0      0.151     -0.262      0.910      0.969      0.140
  1878       -211  pi-                 91  1591     0     0     0     0     0     -0.456      0.242      1.147      1.266      0.140
  1879        211  pi+                 91  1595     0     0     0     0     0      0.266     -0.076     -0.346      0.464      0.140
  1880       -211  pi-                 91  1595     0     0     0     0     0      0.172      0.426     -1.953      2.011      0.140
  1881        311  (K0)               -91  1601     0  1927  1927     0     0      2.083     -0.338   -375.061    375.068      0.498
  1882        211  pi+                 91  1601     0     0     0     0     0      0.025     -0.076    -11.417     11.418      0.140
  1883       -321  K-                  91  1602     0     0     0     0     0      0.161     -0.111    -70.061     70.063      0.494
  1884        211  pi+                 91  1602     0     0     0     0     0      0.527      0.219    -67.824     67.826      0.140
  1885        211  pi+                 91  1605     0     0     0     0     0      0.203     -0.328    -37.230     37.232      0.140
  1886        111  (pi0)              -91  1605     0  2300  2301     0     0      1.525     -0.236   -164.956    164.963      0.135
  1887       -211  pi-                 91  1608     0     0     0     0     0      0.430      0.076    -50.947     50.949      0.140
  1888        111  (pi0)              -91  1608     0  2302  2303     0     0      0.569      0.998    -74.713     74.722      0.135
  1889        211  pi+                 91  1616     0     0     0     0     0      1.914     -1.423    -38.843     38.916      0.140
  1890       -211  pi-                 91  1616     0     0     0     0     0     -0.146     -0.175     -7.086      7.091      0.140
  1891      -2112  nbar0               91  1621     0     0     0     0     0      0.941     -0.516    -12.435     12.517      0.940
  1892       -211  pi-                 91  1621     0     0     0     0     0      0.429      0.008     -3.936      3.962      0.140
  1893        310  (K_S0)             -91  1622  1622  2304  2305     0     0      0.465     -0.988     -3.898      4.078      0.498
  1894        310  (K_S0)             -91  1623  1623  2306  2307     0     0      0.596      0.186     -2.101      2.248      0.498
  1895        211  pi+                 91  1625     0     0     0     0     0      0.718     -0.438     -2.895      3.018      0.140
  1896        111  (pi0)              -91  1625     0  2308  2309     0     0      0.810     -0.300     -1.029      1.350      0.135
  1897        130  K_L0                91  1626  1626     0     0     0     0      0.501     -0.421     -1.127      1.395      0.498
  1898        211  pi+                 91  1632     0     0     0     0     0      0.154      0.152      0.012      0.257      0.140
  1899       -211  pi-                 91  1632     0     0     0     0     0      0.657     -0.798      0.133      1.051      0.140
  1900       -211  pi-                 91  1639     0     0     0     0     0      0.558     -0.235      0.601      0.864      0.140
  1901        111  (pi0)              -91  1639     0  2310  2311     0     0      0.393     -0.772      1.051      1.368      0.135
  1902        211  pi+                 91  1641     0     0     0     0     0      0.334      0.030      1.486      1.530      0.140
  1903       -211  pi-                 91  1641     0     0     0     0     0     -0.444      0.100      2.652      2.694      0.140
  1904      -2212  pbar-               91  1644     0     0     0     0     0     -0.536      1.248     10.441     10.571      0.938
  1905        211  pi+                 91  1644     0     0     0     0     0     -0.762      1.106     10.145     10.234      0.140
  1906        211  pi+                 91  1646     0     0     0     0     0     -0.462      1.527     16.657     16.734      0.140
  1907        111  (pi0)              -91  1646     0  2312  2313     0     0     -0.818      0.674     11.697     11.745      0.135
  1908       -211  pi-                 91  1647     0     0     0     0     0      0.616     -0.001      7.992      8.017      0.140
  1909        111  (pi0)              -91  1647     0  2314  2315     0     0     -0.033      0.300      2.692      2.712      0.135
  1910        211  pi+                 91  1656     0     0     0     0     0      0.565      0.387     74.566     74.570      0.140
  1911        111  (pi0)              -91  1656     0  2316  2317     0     0     -0.617     -0.180     89.434     89.437      0.135
  1912        130  K_L0                91  1664  1664     0     0     0     0     -0.473      0.336     -1.841      1.994      0.498
  1913        130  K_L0                91  1681  1681     0     0     0     0     -0.351     -0.131     -0.637      0.891      0.498
  1914        310  (K_S0)             -91  1687  1687  2318  2319     0     0     -1.080      1.794      1.343      2.537      0.498
  1915        130  K_L0                91  1703  1703     0     0     0     0     -0.101     -0.945     -2.332      2.567      0.498
  1916        310  (K_S0)             -91  1707  1707  2320  2321     0     0     -0.079     -0.278     -1.432      1.544      0.498
  1917        130  K_L0                91  1711  1711     0     0     0     0     -1.451      4.238    -51.508     51.705      0.498
  1918        130  K_L0                91  1732  1732     0     0     0     0      1.067     -0.368      5.977      6.103      0.498
  1919        310  (K_S0)             -91  1742  1742  2322  2323     0     0     -0.893      0.072      1.503      1.819      0.498
  1920        130  K_L0                91  1748  1748     0     0     0     0      0.276      0.245     -2.321      2.402      0.498
  1921        310  (K_S0)             -91  1752  1752  2324  2325     0     0     -0.729      0.653     -6.901      6.988      0.498
  1922        130  K_L0                91  1758  1758     0     0     0     0     -0.276      0.526     -4.530      4.596      0.498
  1923        310  (K_S0)             -91  1781  1781  2326  2327     0     0      0.346     -0.508      9.853      9.884      0.498
  1924        130  K_L0                91  1850  1850     0     0     0     0     -0.199      0.030      7.366      7.386      0.498
  1925        130  K_L0                91  1852  1852     0     0     0     0     -0.133      0.146     20.566     20.573      0.498
  1926        310  (K_S0)             -91  1869  1869  2328  2329     0     0      0.236     -0.081     20.084     20.091      0.498
  1927        130  K_L0                91  1881  1881     0     0     0     0      2.083     -0.338   -375.061    375.068      0.498
  1928        -16  nu_taubar           91  1018     0     0     0     0     0    -12.455     -2.303   -109.324    110.056      0.000
  1929        -13  mu+                 91  1018     0     0     0     0     0     -6.083     -0.989    -48.122     48.515      0.106
  1930         14  nu_mu               91  1018     0     0     0     0     0     -2.236     -0.045    -22.123     22.236      0.000
  1931        211  pi+                 91  1117     0     0     0     0     0      0.065     -0.456      1.166      1.261      0.140
  1932       -211  pi-                 91  1117     0     0     0     0     0      0.314     -1.030      1.637      1.965      0.140
  1933         22  gamma               91  1117     0     0     0     0     0     -0.013     -0.221      0.572      0.613      0.000
  1934         22  gamma               91  1128     0     0     0     0     0     -0.138      0.304     -0.685      0.762      0.000
  1935         11  e-                  91  1128     0     0     0     0     0      0.009      0.108     -0.241      0.264      0.001
  1936        -11  e+                  91  1128     0     0     0     0     0      0.009      0.086     -0.212      0.229      0.001
  1937         22  gamma               91  1129     0     0     0     0     0     -0.018     -0.026      0.085      0.091      0.000
  1938         22  gamma               91  1129     0     0     0     0     0      0.345      0.712     -0.485      0.928      0.000
  1939         22  gamma               91  1130     0     0     0     0     0     -0.011      0.066     -0.211      0.221      0.000
  1940         22  gamma               91  1130     0     0     0     0     0     -0.038      0.190     -0.157      0.249      0.000
  1941        511  (B0)               -91  1138     0  2330  2332     0     0     -0.403     14.202     -3.572     15.573      5.280
  1942         22  gamma               91  1138     0     0     0     0     0     -0.005      0.070     -0.062      0.093      0.000
  1943         22  gamma               91  1144     0     0     0     0     0     -0.061     -0.087     -8.940      8.941      0.000
  1944         22  gamma               91  1144     0     0     0     0     0     -0.029     -0.077    -25.758     25.758      0.000
  1945        211  pi+                 91  1145     0     0     0     0     0      0.120     -0.087     -4.220      4.225      0.140
  1946       -211  pi-                 91  1145     0     0     0     0     0     -0.020      0.210    -25.802     25.803      0.140
  1947        111  (pi0)              -91  1145     0  2333  2334     0     0      0.048      0.065    -19.815     19.815      0.135
  1948         22  gamma               91  1152     0     0     0     0     0     -0.086      0.521     -5.546      5.571      0.000
  1949         22  gamma               91  1152     0     0     0     0     0      0.007      0.003     -0.376      0.376      0.000
  1950       2112  n0                  91  1153     0     0     0     0     0      0.106     -0.464     -3.794      3.938      0.940
  1951        211  pi+                 91  1153     0     0     0     0     0      0.239     -0.266     -1.454      1.504      0.140
  1952      -2112  nbar0               91  1154     0     0     0     0     0      0.465      0.500     -2.798      3.030      0.940
  1953       -211  pi-                 91  1154     0     0     0     0     0      0.368      0.078     -0.949      1.031      0.140
  1954         22  gamma               91  1175     0     0     0     0     0     -0.350     -0.094     -0.525      0.638      0.000
  1955         22  gamma               91  1175     0     0     0     0     0     -0.848     -0.127     -0.947      1.277      0.000
  1956         22  gamma               91  1176     0     0     0     0     0     -0.124     -0.379     -0.948      1.029      0.000
  1957         22  gamma               91  1176     0     0     0     0     0     -0.186     -0.261     -0.592      0.673      0.000
  1958         22  gamma               91  1177     0     0     0     0     0     -0.627     -1.629     -4.466      4.795      0.000
  1959         22  gamma               91  1177     0     0     0     0     0     -0.342     -0.647     -1.856      1.996      0.000
  1960         22  gamma               91  1178     0     0     0     0     0     -0.055      0.297     -0.170      0.346      0.000
  1961         11  e-                  91  1178     0     0     0     0     0     -0.018      0.033      0.014      0.040      0.001
  1962        -11  e+                  91  1178     0     0     0     0     0     -0.012      0.023      0.009      0.027      0.001
  1963        211  pi+                 91  1203     0     0     0     0     0     -0.571      0.375      0.085      0.702      0.140
  1964       -211  pi-                 91  1203     0     0     0     0     0     -0.138     -0.048     -0.030      0.204      0.140
  1965        111  (pi0)              -91  1203     0  2335  2336     0     0     -0.026      0.272     -0.115      0.326      0.135
  1966         22  gamma               91  1204     0     0     0     0     0     -0.099      0.258      0.244      0.368      0.000
  1967         22  gamma               91  1204     0     0     0     0     0     -1.931      3.587      3.588      5.428      0.000
  1968         22  gamma               91  1206     0     0     0     0     0     -0.601      0.782      1.595      1.875      0.000
  1969         22  gamma               91  1206     0     0     0     0     0     -1.441      1.810      3.369      4.087      0.000
  1970        211  pi+                 91  1211     0     0     0     0     0     -0.486      0.146      1.844      1.917      0.140
  1971       -211  pi-                 91  1211     0     0     0     0     0     -0.093     -0.081      0.466      0.502      0.140
  1972         22  gamma               91  1211     0     0     0     0     0     -0.392      0.056      1.598      1.647      0.000
  1973         22  gamma               91  1216     0     0     0     0     0      0.117      0.094      1.020      1.030      0.000
  1974         22  gamma               91  1216     0     0     0     0     0      0.024     -0.574      2.256      2.328      0.000
  1975         22  gamma               91  1217     0     0     0     0     0     -0.358     -0.222      0.897      0.991      0.000
  1976         22  gamma               91  1217     0     0     0     0     0     -0.094     -0.161      0.413      0.453      0.000
  1977         22  gamma               91  1218     0     0     0     0     0      0.202     -0.440      3.090      3.128      0.000
  1978         22  gamma               91  1218     0     0     0     0     0      0.117     -0.269      2.674      2.690      0.000
  1979         22  gamma               91  1224     0     0     0     0     0     -0.325      0.284     99.643     99.644      0.000
  1980         22  gamma               91  1224     0     0     0     0     0     -0.039     -0.216     73.207     73.207      0.000
  1981        211  pi+                 91  1229     0     0     0     0     0     -0.075     -0.205      1.648      1.668      0.140
  1982       -211  pi-                 91  1229     0     0     0     0     0     -0.008      0.158      1.780      1.793      0.140
  1983         22  gamma               91  1229     0     0     0     0     0     -0.039     -0.080      0.370      0.381      0.000
  1984        111  (pi0)              -91  1230     0  2337  2338     0     0      0.153      0.121      0.067      0.247      0.135
  1985        111  (pi0)              -91  1230     0  2339  2340     0     0      0.021      0.196      0.031      0.241      0.135
  1986        221  (eta)              -91  1230     0  2341  2343     0     0      0.346      0.666      0.853      1.261      0.548
  1987         22  gamma               91  1232     0     0     0     0     0     -0.028      0.155      0.273      0.316      0.000
  1988         22  gamma               91  1232     0     0     0     0     0     -0.145     -0.022     -0.233      0.276      0.000
  1989        113  (rho0)             -91  1233     0  2344  2345     0     0      1.390     -1.426     42.630     42.684      0.808
  1990         22  gamma               91  1233     0     0     0     0     0      0.423     -0.291      8.007      8.023      0.000
  1991        111  (pi0)              -91  1234     0  2346  2347     0     0     -0.420     -0.161      2.673      2.714      0.135
  1992        111  (pi0)              -91  1234     0  2348  2349     0     0     -0.091     -0.212      1.278      1.305      0.135
  1993        111  (pi0)              -91  1234     0  2350  2351     0     0     -0.119     -0.160      1.800      1.816      0.135
  1994         22  gamma               91  1235     0     0     0     0     0      0.452     -0.382      2.534      2.602      0.000
  1995         22  gamma               91  1235     0     0     0     0     0     -0.005     -0.030      0.108      0.112      0.000
  1996         22  gamma               91  1239     0     0     0     0     0      0.243     -0.121     -0.024      0.272      0.000
  1997         22  gamma               91  1239     0     0     0     0     0      0.053      0.020      0.038      0.069      0.000
  1998         22  gamma               91  1249     0     0     0     0     0     -0.391     -0.015     -7.271      7.281      0.000
  1999         22  gamma               91  1249     0     0     0     0     0     -0.344      0.102     -7.818      7.826      0.000
  2000         22  gamma               91  1250     0     0     0     0     0      0.348      0.095     -4.687      4.701      0.000
  2001         22  gamma               91  1250     0     0     0     0     0      0.207      0.170     -3.939      3.948      0.000
  2002        211  pi+                 91  1251     0     0     0     0     0     -0.264     -0.011     -0.563      0.638      0.140
  2003       -211  pi-                 91  1251     0     0     0     0     0      0.101      0.037     -0.127      0.217      0.140
  2004        111  (pi0)              -91  1251     0  2352  2353     0     0     -0.175     -0.148     -1.086      1.118      0.135
  2005         22  gamma               91  1255     0     0     0     0     0     -0.023      0.089      0.240      0.257      0.000
  2006         22  gamma               91  1255     0     0     0     0     0     -0.096     -0.156     -0.248      0.308      0.000
  2007        321  K+                  91  1267     0     0     0     0     0     -0.467      8.414    -71.130     71.629      0.494
  2008       -321  K-                  91  1267     0     0     0     0     0     -0.275      9.402    -79.970     80.522      0.494
  2009         22  gamma               91  1277     0     0     0     0     0     -0.236     -0.235     -3.838      3.852      0.000
  2010         22  gamma               91  1277     0     0     0     0     0     -0.306     -0.399     -4.281      4.310      0.000
  2011        211  pi+                 91  1280     0     0     0     0     0     -0.044      0.105     -1.538      1.548      0.140
  2012       -211  pi-                 91  1280     0     0     0     0     0     -0.329      0.035     -1.846      1.881      0.140
  2013        111  (pi0)              -91  1280     0  2354  2355     0     0     -0.722     -0.346     -4.720      4.790      0.135
  2014         22  gamma               91  1281     0     0     0     0     0     -0.706     -0.607     -6.307      6.375      0.000
  2015         22  gamma               91  1281     0     0     0     0     0     -0.249     -0.256     -3.010      3.032      0.000
  2016         22  gamma               91  1282     0     0     0     0     0     -0.022      0.008     -0.422      0.422      0.000
  2017         22  gamma               91  1282     0     0     0     0     0      0.184      0.223     -3.995      4.006      0.000
  2018         22  gamma               91  1283     0     0     0     0     0     -2.611     -1.920    -16.025     16.350      0.000
  2019         22  gamma               91  1283     0     0     0     0     0     -1.944     -1.324     -9.524      9.810      0.000
  2020       -421  (Dbar0)            -91  1284     0  2356  2360     0     0    -12.238     -7.959    -55.678     57.591      1.865
  2021       -211  pi-                 91  1284     0     0     0     0     0     -0.829     -0.586     -3.856      3.990      0.140
  2022         22  gamma               91  1308     0     0     0     0     0     -0.008     -0.062      1.316      1.318      0.000
  2023         22  gamma               91  1308     0     0     0     0     0      0.485     -1.616     33.764     33.806      0.000
  2024        111  (pi0)              -91  1309     0  2361  2362     0     0      0.292     -0.623     28.359     28.368      0.135
  2025         22  gamma               91  1309     0     0     0     0     0     -0.334     -0.073      8.459      8.466      0.000
  2026         22  gamma               91  1311     0     0     0     0     0      0.722     -0.305     13.169     13.192      0.000
  2027         22  gamma               91  1311     0     0     0     0     0      0.846     -0.433     18.324     18.349      0.000
  2028         22  gamma               91  1323     0     0     0     0     0      0.128      0.019      1.769      1.774      0.000
  2029         22  gamma               91  1323     0     0     0     0     0     -0.017      0.036      0.207      0.211      0.000
  2030        211  pi+                 91  1326     0     0     0     0     0      0.227      0.032      1.717      1.738      0.140
  2031       -211  pi-                 91  1326     0     0     0     0     0      0.278      0.152      0.968      1.028      0.140
  2032        111  (pi0)              -91  1326     0  2363  2364     0     0     -0.140      0.050      1.442      1.456      0.135
  2033         22  gamma               91  1327     0     0     0     0     0      0.210     -0.335      1.116      1.184      0.000
  2034         22  gamma               91  1327     0     0     0     0     0      0.616     -1.055      4.219      4.392      0.000
  2035        211  pi+                 91  1330     0     0     0     0     0      0.008     -0.441      0.672      0.816      0.140
  2036       -211  pi-                 91  1330     0     0     0     0     0      0.017     -0.500      1.379      1.473      0.140
  2037        111  (pi0)              -91  1330     0  2365  2366     0     0      0.189     -0.286      0.250      0.446      0.135
  2038         22  gamma               91  1331     0     0     0     0     0      0.004     -0.004      0.141      0.142      0.000
  2039         22  gamma               91  1331     0     0     0     0     0     -0.146      0.243      0.736      0.788      0.000
  2040         22  gamma               91  1334     0     0     0     0     0     -0.125      0.178      0.268      0.345      0.000
  2041         22  gamma               91  1334     0     0     0     0     0     -0.423      0.257      0.623      0.795      0.000
  2042         22  gamma               91  1335     0     0     0     0     0     -2.966      0.278      3.991      4.980      0.000
  2043         22  gamma               91  1335     0     0     0     0     0     -0.054     -0.012      0.087      0.103      0.000
  2044         22  gamma               91  1362     0     0     0     0     0     -0.085      0.360     -0.602      0.706      0.000
  2045         22  gamma               91  1362     0     0     0     0     0     -0.009      0.237     -0.610      0.655      0.000
  2046         22  gamma               91  1394     0     0     0     0     0     -0.104     -0.010      1.178      1.183      0.000
  2047         22  gamma               91  1394     0     0     0     0     0     -0.274      0.119      1.903      1.927      0.000
  2048         22  gamma               91  1396     0     0     0     0     0      0.095      0.004      0.359      0.372      0.000
  2049         22  gamma               91  1396     0     0     0     0     0      0.246     -0.212      0.966      1.019      0.000
  2050         22  gamma               91  1399     0     0     0     0     0     -0.144      0.089     -1.764      1.772      0.000
  2051         22  gamma               91  1399     0     0     0     0     0     -0.023      0.040     -0.121      0.130      0.000
  2052         22  gamma               91  1400     0     0     0     0     0     -0.037     -0.001     -1.074      1.075      0.000
  2053         22  gamma               91  1400     0     0     0     0     0      0.426     -0.560     -1.927      2.052      0.000
  2054         22  gamma               91  1411     0     0     0     0     0     -0.065     -0.025      0.016      0.071      0.000
  2055         22  gamma               91  1411     0     0     0     0     0     -0.262      0.168      0.023      0.312      0.000
  2056         22  gamma               91  1415     0     0     0     0     0      0.125      0.066      1.082      1.091      0.000
  2057         22  gamma               91  1415     0     0     0     0     0      0.026      0.142      1.598      1.605      0.000
  2058         22  gamma               91  1420     0     0     0     0     0     -0.080     -0.507     13.813     13.823      0.000
  2059         22  gamma               91  1420     0     0     0     0     0     -0.039     -0.034      2.210      2.211      0.000
  2060        411  (D+)               -91  1426     0  2367  2369     0     0      6.230     -9.372      0.073     11.408      1.870
  2061       -323  (K*-)              -91  1426     0  2370  2371     0     0      3.406     -3.770      0.115      5.168      0.935
  2062        321  K+                  91  1426     0     0     0     0     0      3.135     -4.184      0.374      5.265      0.494
  2063        223  (omega)            -91  1426     0  2372  2374     0     0      6.341     -7.040     -0.823      9.544      0.792
  2064       -211  pi-                 91  1426     0     0     0     0     0      0.911     -1.116      0.111      1.452      0.140
  2065         22  gamma               91  1434     0     0     0     0     0      0.222     -0.019    -66.806     66.807      0.000
  2066         22  gamma               91  1434     0     0     0     0     0     -0.168     -0.319    -41.910     41.911      0.000
  2067         22  gamma               91  1452     0     0     0     0     0      0.124      0.037      1.696      1.701      0.000
  2068         22  gamma               91  1452     0     0     0     0     0      0.280      0.047      1.880      1.901      0.000
  2069        211  pi+                 91  1460     0     0     0     0     0     -1.322     -0.115     56.776     56.792      0.140
  2070       -211  pi-                 91  1460     0     0     0     0     0     -1.920     -0.201     86.795     86.817      0.140
  2071        221  (eta)              -91  1460     0  2375  2377     0     0     -6.487     -1.152    307.084    307.155      0.548
  2072       2112  n0                  91  1461     0     0     0     0     0     -4.824     -0.618    216.500    216.557      0.940
  2073        111  (pi0)              -91  1461     0  2378  2379     0     0     -0.359     -0.049     19.461     19.465      0.135
  2074         22  gamma               91  1465     0     0     0     0     0     -0.136     -0.471     52.379     52.381      0.000
  2075         22  gamma               91  1465     0     0     0     0     0     -0.041     -0.080      5.243      5.243      0.000
  2076        211  pi+                 91  1466     0     0     0     0     0     -0.101      0.285     13.706     13.710      0.140
  2077       -211  pi-                 91  1466     0     0     0     0     0     -0.101      0.016      6.056      6.058      0.140
  2078         22  gamma               91  1466     0     0     0     0     0     -0.311      0.171     22.286     22.288      0.000
  2079         22  gamma               91  1486     0     0     0     0     0     -0.699      0.296     -0.030      0.759      0.000
  2080         22  gamma               91  1486     0     0     0     0     0     -0.278      0.030     -0.017      0.280      0.000
  2081        211  pi+                 91  1487     0     0     0     0     0     -0.022      0.195      0.271      0.362      0.140
  2082       -211  pi-                 91  1487     0     0     0     0     0     -0.250      0.557      0.051      0.629      0.140
  2083        111  (pi0)              -91  1487     0  2380  2381     0     0      0.038      0.061      0.244      0.288      0.135
  2084         22  gamma               91  1494     0     0     0     0     0      0.198      0.230      1.450      1.482      0.000
  2085         22  gamma               91  1494     0     0     0     0     0      0.367      0.194      2.155      2.195      0.000
  2086         22  gamma               91  1495     0     0     0     0     0     -0.072      0.080      0.109      0.153      0.000
  2087         22  gamma               91  1495     0     0     0     0     0     -0.216      0.421      0.924      1.039      0.000
  2088        211  pi+                 91  1518     0     0     0     0     0     -0.182     -0.131     -0.010      0.264      0.140
  2089       -211  pi-                 91  1518     0     0     0     0     0     -0.202      0.066      0.049      0.259      0.140
  2090        111  (pi0)              -91  1518     0  2382  2383     0     0      0.169     -0.014      0.271      0.347      0.135
  2091         22  gamma               91  1529     0     0     0     0     0     -0.048      0.046     16.008     16.008      0.000
  2092         22  gamma               91  1529     0     0     0     0     0     -0.179      0.039     15.447     15.448      0.000
  2093         22  gamma               91  1530     0     0     0     0     0      0.013      0.837    114.154    114.157      0.000
  2094         22  gamma               91  1530     0     0     0     0     0     -0.086      1.011    153.832    153.835      0.000
  2095        111  (pi0)              -91  1531     0  2384  2385     0     0     -0.175      0.158     47.223     47.224      0.135
  2096        111  (pi0)              -91  1531     0  2386  2387     0     0      0.056      0.132     62.580     62.580      0.135
  2097        111  (pi0)              -91  1531     0  2388  2389     0     0      0.012      0.207     38.941     38.941      0.135
  2098        211  pi+                 91  1533     0     0     0     0     0     -0.246     -0.187     12.073     12.078      0.140
  2099       -211  pi-                 91  1533     0     0     0     0     0     -0.851     -0.191     56.381     56.388      0.140
  2100        111  (pi0)              -91  1533     0  2390  2391     0     0     -0.032      0.036     10.558     10.559      0.135
  2101       2112  n0                  91  1544     0     0     0     0     0      0.245      0.173    598.343    598.344      0.940
  2102        211  pi+                 91  1544     0     0     0     0     0     -0.137     -0.019    198.467    198.467      0.140
  2103      -3122  (Lambdabar0)       -91  1545     0  2392  2393     0     0     -0.525     -0.008    101.062    101.070      1.116
  2104        111  (pi0)              -91  1545     0  2394  2395     0     0      0.013      0.111     19.243     19.243      0.135
  2105         22  gamma               91  1551     0     0     0     0     0      0.018      0.233      1.629      1.645      0.000
  2106         22  gamma               91  1551     0     0     0     0     0     -0.334      0.394      0.930      1.064      0.000
  2107        211  pi+                 91  1554     0     0     0     0     0      0.020      0.118      0.284      0.338      0.140
  2108       -211  pi-                 91  1554     0     0     0     0     0     -0.160     -0.037      0.161      0.269      0.140
  2109        111  (pi0)              -91  1554     0  2396  2397     0     0      0.151      0.045     -0.128      0.244      0.135
  2110        -12  nu_ebar             91  1556     0     0     0     0     0      0.073     -0.022     -0.166      0.183      0.000
  2111         11  e-                  91  1556     0     0     0     0     0      0.051     -0.075     -0.339      0.351      0.001
  2112       2212  p+                  91  1556     0     0     0     0     0     -0.125      0.001     -3.196      3.334      0.938
  2113        211  pi+                 91  1588     0     0     0     0     0     -0.513      1.270     13.219     13.290      0.140
  2114       -211  pi-                 91  1588     0     0     0     0     0     -0.361      0.375     10.844     10.857      0.140
  2115        211  pi+                 91  1590     0     0     0     0     0      0.051      0.284      0.449      0.551      0.140
  2116       -211  pi-                 91  1590     0     0     0     0     0      0.254      0.228      0.161      0.402      0.140
  2117        111  (pi0)              -91  1590     0  2398  2399     0     0      0.088      0.144     -0.097      0.237      0.135
  2118        211  pi+                 91  1592     0     0     0     0     0     -0.281     -0.068     -0.050      0.325      0.140
  2119       -211  pi-                 91  1592     0     0     0     0     0     -0.040      0.094     -0.058      0.183      0.140
  2120        111  (pi0)              -91  1592     0  2400  2401     0     0      0.198     -0.160     -0.204      0.353      0.135
  2121        211  pi+                 91  1593     0     0     0     0     0     -0.113     -0.111     -0.386      0.440      0.140
  2122       -211  pi-                 91  1593     0     0     0     0     0     -0.119      0.194     -0.436      0.511      0.140
  2123        111  (pi0)              -91  1593     0  2402  2403     0     0      0.084     -0.186     -0.084      0.258      0.135
  2124        111  (pi0)              -91  1597     0  2404  2405     0     0     -0.016     -0.185     -6.953      6.957      0.135
  2125        111  (pi0)              -91  1597     0  2406  2407     0     0      0.013      0.050     -3.938      3.940      0.135
  2126        111  (pi0)              -91  1597     0  2408  2409     0     0      0.128     -0.164    -11.040     11.042      0.135
  2127         22  gamma               91  1598     0     0     0     0     0      0.239      0.224    -20.851     20.853      0.000
  2128         22  gamma               91  1598     0     0     0     0     0      0.041     -0.018     -3.102      3.102      0.000
  2129        111  (pi0)              -91  1603     0  2410  2411     0     0      0.818     -0.286   -116.383    116.386      0.135
  2130        111  (pi0)              -91  1603     0  2412  2413     0     0      0.414      0.019    -63.392     63.393      0.135
  2131        111  (pi0)              -91  1603     0  2414  2415     0     0      0.858     -0.310   -124.279    124.282      0.135
  2132         22  gamma               91  1606     0     0     0     0     0      1.674      1.494   -197.917    197.930      0.000
  2133         22  gamma               91  1606     0     0     0     0     0      0.372      0.413    -51.645     51.648      0.000
  2134         22  gamma               91  1607     0     0     0     0     0      0.158      0.057    -19.780     19.780      0.000
  2135         22  gamma               91  1607     0     0     0     0     0      0.002     -0.003    -12.896     12.896      0.000
  2136         22  gamma               91  1611     0     0     0     0     0      0.008      0.273     -4.945      4.952      0.000
  2137         22  gamma               91  1611     0     0     0     0     0      0.129      0.423    -10.611     10.621      0.000
  2138         22  gamma               91  1612     0     0     0     0     0      0.313     -0.183    -22.520     22.523      0.000
  2139         22  gamma               91  1612     0     0     0     0     0      0.090     -0.039     -3.027      3.029      0.000
  2140         22  gamma               91  1618     0     0     0     0     0     -0.094     -0.191     -2.275      2.285      0.000
  2141         22  gamma               91  1618     0     0     0     0     0      0.028     -0.182     -1.429      1.441      0.000
  2142         22  gamma               91  1628     0     0     0     0     0      0.389     -0.132     -0.040      0.412      0.000
  2143         22  gamma               91  1628     0     0     0     0     0      1.157     -0.629     -0.220      1.335      0.000
  2144         22  gamma               91  1630     0     0     0     0     0      0.763     -0.217     -0.310      0.852      0.000
  2145         22  gamma               91  1630     0     0     0     0     0      0.775     -0.884     -0.421      1.249      0.000
  2146        111  (pi0)              -91  1636     0  2416  2417     0     0      0.591     -0.754      0.303      1.014      0.135
  2147        111  (pi0)              -91  1636     0  2418  2419     0     0      0.551     -0.526      0.284      0.824      0.135
  2148        111  (pi0)              -91  1636     0  2420  2421     0     0      0.609     -0.459      0.439      0.890      0.135
  2149         22  gamma               91  1637     0     0     0     0     0      0.466     -0.676      0.517      0.970      0.000
  2150         22  gamma               91  1637     0     0     0     0     0      1.030     -1.869      1.290      2.494      0.000
  2151        211  pi+                 91  1638     0     0     0     0     0      0.802     -0.441      0.401      1.009      0.140
  2152       -211  pi-                 91  1638     0     0     0     0     0      0.236     -0.304      0.407      0.577      0.140
  2153        111  (pi0)              -91  1638     0  2422  2423     0     0      0.332      0.031      0.322      0.482      0.135
  2154        111  (pi0)              -91  1643     0  2424  2425     0     0      0.205      0.190      1.137      1.179      0.135
  2155        111  (pi0)              -91  1643     0  2426  2427     0     0      0.001      0.310      0.877      0.940      0.135
  2156        111  (pi0)              -91  1643     0  2428  2429     0     0      0.219      0.233      1.309      1.354      0.135
  2157         22  gamma               91  1650     0     0     0     0     0     -0.163      0.188      2.237      2.251      0.000
  2158         22  gamma               91  1650     0     0     0     0     0     -0.277      0.119      3.340      3.353      0.000
  2159         22  gamma               91  1651     0     0     0     0     0      0.558      0.788     25.066     25.084      0.000
  2160         22  gamma               91  1651     0     0     0     0     0      0.131      0.234      8.859      8.863      0.000
  2161        211  pi+                 91  1652     0     0     0     0     0     -0.121      0.220      8.339      8.344      0.140
  2162       -211  pi-                 91  1652     0     0     0     0     0     -0.269      0.300      8.173      8.184      0.140
  2163        111  (pi0)              -91  1652     0  2430  2431     0     0     -0.077      0.309     12.227     12.232      0.135
  2164         22  gamma               91  1659     0     0     0     0     0      0.041     -0.074      0.060      0.104      0.000
  2165         22  gamma               91  1659     0     0     0     0     0      0.229     -0.948      1.209      1.553      0.000
  2166         22  gamma               91  1661     0     0     0     0     0     -0.133      0.107     -0.027      0.173      0.000
  2167         22  gamma               91  1661     0     0     0     0     0     -0.016     -0.027     -0.046      0.055      0.000
  2168         22  gamma               91  1665     0     0     0     0     0     -0.111     -0.068     -0.111      0.171      0.000
  2169         22  gamma               91  1665     0     0     0     0     0      0.021     -0.106     -0.092      0.142      0.000
  2170         22  gamma               91  1667     0     0     0     0     0      0.024      0.024     -0.010      0.036      0.000
  2171         22  gamma               91  1667     0     0     0     0     0      0.095      0.057     -0.478      0.491      0.000
  2172         22  gamma               91  1672     0     0     0     0     0      0.009      0.157     -5.075      5.077      0.000
  2173         22  gamma               91  1672     0     0     0     0     0      0.160      0.164     -8.549      8.552      0.000
  2174         22  gamma               91  1674     0     0     0     0     0      0.026      0.230     -0.354      0.423      0.000
  2175         22  gamma               91  1674     0     0     0     0     0      0.068      0.413     -0.362      0.554      0.000
  2176         22  gamma               91  1678     0     0     0     0     0     -0.154      0.104     -0.116      0.219      0.000
  2177         22  gamma               91  1678     0     0     0     0     0     -0.317      0.012     -0.236      0.395      0.000
  2178         22  gamma               91  1684     0     0     0     0     0     -0.592     -0.618     -0.096      0.861      0.000
  2179         22  gamma               91  1684     0     0     0     0     0     -0.733     -0.679     -0.247      1.029      0.000
  2180         22  gamma               91  1690     0     0     0     0     0     -0.121      0.122      0.104      0.201      0.000
  2181         22  gamma               91  1690     0     0     0     0     0     -0.012     -0.015      0.086      0.088      0.000
  2182         22  gamma               91  1696     0     0     0     0     0      0.644     -0.201      1.447      1.597      0.000
  2183         22  gamma               91  1696     0     0     0     0     0      0.259     -0.058      0.400      0.480      0.000
  2184         22  gamma               91  1698     0     0     0     0     0     -0.035     -0.119      0.190      0.227      0.000
  2185         22  gamma               91  1698     0     0     0     0     0     -0.032     -0.015      0.314      0.316      0.000
  2186         22  gamma               91  1702     0     0     0     0     0      0.018     -0.014      1.007      1.007      0.000
  2187         22  gamma               91  1702     0     0     0     0     0     -0.021     -0.169      1.355      1.365      0.000
  2188         22  gamma               91  1706     0     0     0     0     0     -0.070      0.026     -0.500      0.505      0.000
  2189         22  gamma               91  1706     0     0     0     0     0     -0.038      0.001     -0.020      0.043      0.000
  2190         22  gamma               91  1708     0     0     0     0     0      0.133      0.082     -0.089      0.180      0.000
  2191         22  gamma               91  1708     0     0     0     0     0      0.082      0.047     -0.226      0.245      0.000
  2192        211  pi+                 91  1710     0     0     0     0     0     -0.041      0.602     -7.357      7.383      0.140
  2193       -211  pi-                 91  1710     0     0     0     0     0      0.079      1.180     -9.051      9.129      0.140
  2194         22  gamma               91  1716     0     0     0     0     0     -0.161      0.182     -4.945      4.951      0.000
  2195         22  gamma               91  1716     0     0     0     0     0     -0.348      0.370     -7.063      7.081      0.000
  2196         22  gamma               91  1718     0     0     0     0     0     -0.121     -0.158     -2.346      2.354      0.000
  2197         22  gamma               91  1718     0     0     0     0     0     -0.919     -0.746    -16.159     16.202      0.000
  2198         22  gamma               91  1720     0     0     0     0     0     -0.346     -0.030     -2.904      2.925      0.000
  2199         22  gamma               91  1720     0     0     0     0     0     -0.144     -0.015     -2.191      2.196      0.000
  2200         22  gamma               91  1722     0     0     0     0     0      0.285     -0.408     43.908     43.911      0.000
  2201         22  gamma               91  1722     0     0     0     0     0     -0.013     -0.006      0.919      0.919      0.000
  2202         22  gamma               91  1724     0     0     0     0     0      0.073     -0.059      1.438      1.441      0.000
  2203         22  gamma               91  1724     0     0     0     0     0      0.296     -0.709     13.200     13.222      0.000
  2204         22  gamma               91  1726     0     0     0     0     0      0.176     -0.204      1.467      1.491      0.000
  2205         22  gamma               91  1726     0     0     0     0     0      0.114     -0.170      1.954      1.964      0.000
  2206        211  pi+                 91  1731     0     0     0     0     0      0.196     -0.155      0.747      0.800      0.140
  2207       -211  pi-                 91  1731     0     0     0     0     0      0.469      0.206      2.109      2.175      0.140
  2208        211  pi+                 91  1738     0     0     0     0     0      0.989     -1.008      3.623      3.891      0.140
  2209       -211  pi-                 91  1738     0     0     0     0     0      0.098     -0.356      0.982      1.059      0.140
  2210        111  (pi0)              -91  1741     0  2432  2433     0     0     -0.401     -0.298      0.618      0.806      0.135
  2211        111  (pi0)              -91  1741     0  2434  2435     0     0     -0.595     -1.220      1.775      2.239      0.135
  2212         22  gamma               91  1743     0     0     0     0     0     -1.000      0.490      1.901      2.203      0.000
  2213         22  gamma               91  1743     0     0     0     0     0     -0.020      0.018      0.017      0.032      0.000
  2214         22  gamma               91  1745     0     0     0     0     0     -0.260      0.108     -0.126      0.309      0.000
  2215         22  gamma               91  1745     0     0     0     0     0     -0.400      0.283     -0.385      0.623      0.000
  2216        111  (pi0)              -91  1750     0  2436  2437     0     0     -0.056      0.015     -0.399      0.426      0.135
  2217        111  (pi0)              -91  1750     0  2438  2439     0     0     -0.384      0.800     -3.425      3.541      0.135
  2218         22  gamma               91  1755     0     0     0     0     0     -0.040     -0.039     -0.288      0.293      0.000
  2219         22  gamma               91  1755     0     0     0     0     0      0.067     -0.014     -0.097      0.119      0.000
  2220         22  gamma               91  1757     0     0     0     0     0     -0.401     -0.081     -1.355      1.415      0.000
  2221         22  gamma               91  1757     0     0     0     0     0     -0.763     -0.066     -3.164      3.255      0.000
  2222         22  gamma               91  1759     0     0     0     0     0     -0.002      0.310     -1.160      1.201      0.000
  2223         22  gamma               91  1759     0     0     0     0     0      0.129      0.407     -1.962      2.008      0.000
  2224         22  gamma               91  1762     0     0     0     0     0     -0.015      0.105     -0.851      0.857      0.000
  2225         22  gamma               91  1762     0     0     0     0     0      0.035      0.110     -0.304      0.325      0.000
  2226         22  gamma               91  1764     0     0     0     0     0     -0.006      0.136     -1.256      1.263      0.000
  2227         22  gamma               91  1764     0     0     0     0     0      0.118      0.088     -1.142      1.152      0.000
  2228         22  gamma               91  1768     0     0     0     0     0      0.073      0.078    -11.014     11.015      0.000
  2229         22  gamma               91  1768     0     0     0     0     0      0.079      0.103     -4.503      4.505      0.000
  2230         22  gamma               91  1770     0     0     0     0     0     -0.200      0.175     -4.925      4.932      0.000
  2231         22  gamma               91  1770     0     0     0     0     0     -0.221      0.356    -10.213     10.221      0.000
  2232        211  pi+                 91  1773     0     0     0     0     0     -0.095     -0.074     -7.546      7.548      0.140
  2233       -211  pi-                 91  1773     0     0     0     0     0     -0.170     -0.189     -2.451      2.468      0.140
  2234         22  gamma               91  1775     0     0     0     0     0      0.391      0.417    -39.270     39.274      0.000
  2235         22  gamma               91  1775     0     0     0     0     0      0.049      0.018     -6.690      6.691      0.000
  2236        211  pi+                 91  1776     0     0     0     0     0     -0.324      0.209    -31.885     31.888      0.140
  2237       -211  pi-                 91  1776     0     0     0     0     0     -0.319     -0.176    -21.103     21.107      0.140
  2238         22  gamma               91  1784     0     0     0     0     0      0.055     -0.221      3.887      3.894      0.000
  2239         22  gamma               91  1784     0     0     0     0     0      0.182     -0.272      7.939      7.946      0.000
  2240         22  gamma               91  1786     0     0     0     0     0      0.149      0.283      0.214      0.385      0.000
  2241         22  gamma               91  1786     0     0     0     0     0      0.082      0.060      0.156      0.186      0.000
  2242         22  gamma               91  1792     0     0     0     0     0     -0.094     -0.021     -3.248      3.249      0.000
  2243         22  gamma               91  1792     0     0     0     0     0     -0.004      0.050     -5.416      5.417      0.000
  2244         22  gamma               91  1794     0     0     0     0     0      0.063      0.357     -2.171      2.201      0.000
  2245         22  gamma               91  1794     0     0     0     0     0      0.020      0.015     -0.472      0.472      0.000
  2246         22  gamma               91  1800     0     0     0     0     0     -0.120     -0.024     11.246     11.247      0.000
  2247         22  gamma               91  1800     0     0     0     0     0     -0.243     -0.178     15.989     15.992      0.000
  2248         22  gamma               91  1802     0     0     0     0     0     -0.260     -0.111      8.162      8.167      0.000
  2249         22  gamma               91  1802     0     0     0     0     0     -0.164     -0.152      9.733      9.736      0.000
  2250         22  gamma               91  1808     0     0     0     0     0      0.021      0.046     -0.046      0.068      0.000
  2251         22  gamma               91  1808     0     0     0     0     0     -0.128      0.105     -0.403      0.436      0.000
  2252         22  gamma               91  1810     0     0     0     0     0      0.048     -0.134     -2.704      2.708      0.000
  2253         22  gamma               91  1810     0     0     0     0     0     -0.018     -0.358     -4.360      4.375      0.000
  2254         22  gamma               91  1812     0     0     0     0     0      0.277     -0.190    -19.390     19.393      0.000
  2255         22  gamma               91  1812     0     0     0     0     0      0.336     -0.352    -36.483     36.486      0.000
  2256        111  (pi0)              -91  1813     0  2440  2441     0     0     -0.230     -0.084      2.352      2.369      0.135
  2257        111  (pi0)              -91  1813     0  2442  2443     0     0     -0.036      0.089      6.109      6.111      0.135
  2258        211  pi+                 91  1815     0     0     0     0     0     -0.496     -0.310     14.622     14.635      0.140
  2259       -211  pi-                 91  1815     0     0     0     0     0     -0.200      0.024     13.194     13.197      0.140
  2260        211  pi+                 91  1816     0     0     0     0     0      0.306      0.253     11.288     11.296      0.140
  2261       -211  pi-                 91  1816     0     0     0     0     0      0.264      0.142      3.128      3.146      0.140
  2262         22  gamma               91  1818     0     0     0     0     0      0.436     -0.290      4.044      4.077      0.000
  2263         22  gamma               91  1818     0     0     0     0     0      0.008     -0.042      0.523      0.525      0.000
  2264         22  gamma               91  1820     0     0     0     0     0     -0.285      0.170      0.209      0.392      0.000
  2265         22  gamma               91  1820     0     0     0     0     0     -0.051     -0.026      0.029      0.064      0.000
  2266         22  gamma               91  1822     0     0     0     0     0     -0.092      0.049     -0.026      0.108      0.000
  2267         22  gamma               91  1822     0     0     0     0     0     -0.073      0.179     -0.199      0.277      0.000
  2268         22  gamma               91  1826     0     0     0     0     0     -0.055      0.010     -6.407      6.407      0.000
  2269         22  gamma               91  1826     0     0     0     0     0     -0.326     -0.073    -92.291     92.291      0.000
  2270         22  gamma               91  1828     0     0     0     0     0     -0.040     -0.216      0.063      0.228      0.000
  2271         22  gamma               91  1828     0     0     0     0     0     -0.057     -0.039     -0.035      0.077      0.000
  2272        211  pi+                 91  1829     0     0     0     0     0      0.061     -0.390      0.232      0.479      0.140
  2273       -211  pi-                 91  1829     0     0     0     0     0     -0.040     -0.111      0.528      0.559      0.140
  2274         22  gamma               91  1833     0     0     0     0     0      0.020     -0.077      0.077      0.111      0.000
  2275         22  gamma               91  1833     0     0     0     0     0     -0.051     -0.560      0.186      0.592      0.000
  2276         22  gamma               91  1835     0     0     0     0     0      0.160     -0.087      0.092      0.204      0.000
  2277         22  gamma               91  1835     0     0     0     0     0      0.157      0.026      0.170      0.233      0.000
  2278         22  gamma               91  1845     0     0     0     0     0     -0.293      0.091     -0.680      0.746      0.000
  2279         22  gamma               91  1845     0     0     0     0     0     -0.175      0.177     -0.576      0.628      0.000
  2280         22  gamma               91  1849     0     0     0     0     0     -0.085     -0.243      4.806      4.813      0.000
  2281         22  gamma               91  1849     0     0     0     0     0     -0.102     -0.093      1.536      1.542      0.000
  2282         22  gamma               91  1851     0     0     0     0     0      0.052     -0.056      0.413      0.420      0.000
  2283         22  gamma               91  1851     0     0     0     0     0      0.060     -0.072      2.220      2.222      0.000
  2284         22  gamma               91  1853     0     0     0     0     0     -0.017     -0.009     11.479     11.479      0.000
  2285         22  gamma               91  1853     0     0     0     0     0      0.016      0.036      1.081      1.082      0.000
  2286         22  gamma               91  1857     0     0     0     0     0     -0.384      0.594     28.504     28.512      0.000
  2287         22  gamma               91  1857     0     0     0     0     0     -0.005      0.049      1.159      1.160      0.000
  2288         22  gamma               91  1859     0     0     0     0     0      0.107      0.045     11.934     11.935      0.000
  2289         22  gamma               91  1859     0     0     0     0     0      0.108     -0.043     27.958     27.958      0.000
  2290         22  gamma               91  1863     0     0     0     0     0      0.002     -0.044      7.884      7.884      0.000
  2291         22  gamma               91  1863     0     0     0     0     0      0.383     -0.258    107.050    107.051      0.000
  2292         22  gamma               91  1867     0     0     0     0     0     -0.373     -0.277     31.835     31.838      0.000
  2293         22  gamma               91  1867     0     0     0     0     0     -0.163     -0.076     18.660     18.661      0.000
  2294        211  pi+                 91  1868     0     0     0     0     0      0.041     -0.757     31.358     31.367      0.140
  2295       -211  pi-                 91  1868     0     0     0     0     0      0.498     -0.925     49.514     49.525      0.140
  2296         22  gamma               91  1874     0     0     0     0     0     -0.210      0.184     -5.647      5.654      0.000
  2297         22  gamma               91  1874     0     0     0     0     0     -0.070      0.061     -4.240      4.241      0.000
  2298         22  gamma               91  1876     0     0     0     0     0      0.052     -0.143    -11.127     11.128      0.000
  2299         22  gamma               91  1876     0     0     0     0     0     -0.076     -0.129    -14.484     14.484      0.000
  2300         22  gamma               91  1886     0     0     0     0     0      0.298     -0.003    -35.259     35.260      0.000
  2301         22  gamma               91  1886     0     0     0     0     0      1.226     -0.234   -129.697    129.703      0.000
  2302         22  gamma               91  1888     0     0     0     0     0      0.066      0.056     -4.503      4.504      0.000
  2303         22  gamma               91  1888     0     0     0     0     0      0.503      0.942    -70.210     70.218      0.000
  2304        211  pi+                 91  1893     0     0     0     0     0      0.127     -0.441     -2.318      2.367      0.140
  2305       -211  pi-                 91  1893     0     0     0     0     0      0.337     -0.547     -1.580      1.711      0.140
  2306        111  (pi0)              -91  1894     0  2444  2445     0     0     -0.022     -0.008     -0.340      0.366      0.135
  2307        111  (pi0)              -91  1894     0  2446  2447     0     0      0.618      0.194     -1.761      1.881      0.135
  2308         22  gamma               91  1896     0     0     0     0     0      0.811     -0.287     -1.007      1.324      0.000
  2309         22  gamma               91  1896     0     0     0     0     0     -0.001     -0.013     -0.022      0.026      0.000
  2310         22  gamma               91  1901     0     0     0     0     0      0.113     -0.205      0.197      0.306      0.000
  2311         22  gamma               91  1901     0     0     0     0     0      0.280     -0.566      0.854      1.062      0.000
  2312         22  gamma               91  1907     0     0     0     0     0     -0.282      0.216      4.637      4.650      0.000
  2313         22  gamma               91  1907     0     0     0     0     0     -0.536      0.458      7.060      7.095      0.000
  2314         22  gamma               91  1909     0     0     0     0     0     -0.073      0.093      1.089      1.095      0.000
  2315         22  gamma               91  1909     0     0     0     0     0      0.041      0.207      1.603      1.616      0.000
  2316         22  gamma               91  1911     0     0     0     0     0     -0.517     -0.198     77.773     77.775      0.000
  2317         22  gamma               91  1911     0     0     0     0     0     -0.100      0.018     11.661     11.662      0.000
  2318        211  pi+                 91  1914     0     0     0     0     0     -0.744      1.513      1.083      2.009      0.140
  2319       -211  pi-                 91  1914     0     0     0     0     0     -0.337      0.281      0.260      0.529      0.140
  2320        211  pi+                 91  1916     0     0     0     0     0     -0.135     -0.065     -1.113      1.132      0.140
  2321       -211  pi-                 91  1916     0     0     0     0     0      0.056     -0.212     -0.319      0.412      0.140
  2322        211  pi+                 91  1919     0     0     0     0     0     -0.253     -0.157      0.541      0.633      0.140
  2323       -211  pi-                 91  1919     0     0     0     0     0     -0.640      0.229      0.963      1.187      0.140
  2324        111  (pi0)              -91  1921     0  2448  2449     0     0     -0.132      0.382     -2.912      2.943      0.135
  2325        111  (pi0)              -91  1921     0  2450  2451     0     0     -0.597      0.271     -3.989      4.045      0.135
  2326        111  (pi0)              -91  1923     0  2452  2453     0     0      0.065     -0.134      1.105      1.123      0.135
  2327        111  (pi0)              -91  1923     0  2454  2455     0     0      0.282     -0.373      8.748      8.761      0.135
  2328        211  pi+                 91  1926     0     0     0     0     0      0.217     -0.177     17.111     17.114      0.140
  2329       -211  pi-                 91  1926     0     0     0     0     0      0.019      0.095      2.973      2.978      0.140
  2330    9000111  (a_0(980)0)        -91  1941     0  2456  2457     0     0     -1.016      1.800      0.189      2.294      0.976
  2331        113  (rho0)             -91  1941     0  2458  2459     0     0     -0.427      1.710     -1.057      2.200      0.786
  2332        111  (pi0)              -91  1941     0  2460  2461     0     0      1.039     10.693     -2.704     11.079      0.135
  2333         22  gamma               91  1947     0     0     0     0     0      0.072      0.093    -16.622     16.623      0.000
  2334         22  gamma               91  1947     0     0     0     0     0     -0.024     -0.027     -3.192      3.192      0.000
  2335         22  gamma               91  1965     0     0     0     0     0      0.034      0.028      0.010      0.045      0.000
  2336         22  gamma               91  1965     0     0     0     0     0     -0.059      0.244     -0.126      0.281      0.000
  2337         22  gamma               91  1984     0     0     0     0     0      0.043      0.119      0.031      0.130      0.000
  2338         22  gamma               91  1984     0     0     0     0     0      0.111      0.002      0.036      0.117      0.000
  2339         22  gamma               91  1985     0     0     0     0     0     -0.021      0.114      0.076      0.139      0.000
  2340         22  gamma               91  1985     0     0     0     0     0      0.042      0.081     -0.045      0.102      0.000
  2341        111  (pi0)              -91  1986     0  2462  2463     0     0      0.023      0.031      0.208      0.251      0.135
  2342        111  (pi0)              -91  1986     0  2464  2465     0     0      0.169      0.394      0.289      0.534      0.135
  2343        111  (pi0)              -91  1986     0  2466  2467     0     0      0.154      0.241      0.356      0.476      0.135
  2344        211  pi+                 91  1989     0     0     0     0     0      0.440     -0.044      8.402      8.415      0.140
  2345       -211  pi-                 91  1989     0     0     0     0     0      0.950     -1.382     34.228     34.269      0.140
  2346         22  gamma               91  1991     0     0     0     0     0     -0.296     -0.108      2.189      2.212      0.000
  2347         22  gamma               91  1991     0     0     0     0     0     -0.124     -0.053      0.484      0.502      0.000
  2348         22  gamma               91  1992     0     0     0     0     0     -0.089     -0.224      1.266      1.289      0.000
  2349         22  gamma               91  1992     0     0     0     0     0     -0.001      0.012      0.011      0.016      0.000
  2350         22  gamma               91  1993     0     0     0     0     0     -0.044     -0.001      0.144      0.150      0.000
  2351         22  gamma               91  1993     0     0     0     0     0     -0.074     -0.159      1.656      1.666      0.000
  2352         22  gamma               91  2004     0     0     0     0     0     -0.001      0.012     -0.221      0.221      0.000
  2353         22  gamma               91  2004     0     0     0     0     0     -0.175     -0.160     -0.865      0.897      0.000
  2354         22  gamma               91  2013     0     0     0     0     0     -0.727     -0.342     -4.706      4.774      0.000
  2355         22  gamma               91  2013     0     0     0     0     0      0.005     -0.003     -0.015      0.016      0.000
  2356       -311  (Kbar0)            -91  2020     0  2468  2468     0     0     -2.719     -1.955    -13.946     14.351      0.498
  2357       -211  pi-                 91  2020     0     0     0     0     0     -3.810     -2.479    -16.940     17.540      0.140
  2358        211  pi+                 91  2020     0     0     0     0     0     -1.485     -0.639     -6.722      6.915      0.140
  2359        111  (pi0)              -91  2020     0  2469  2470     0     0     -1.393     -0.962     -5.546      5.800      0.135
  2360        111  (pi0)              -91  2020     0  2471  2472     0     0     -2.831     -1.925    -12.526     12.986      0.135
  2361         22  gamma               91  2024     0     0     0     0     0      0.141     -0.419     16.274     16.280      0.000
  2362         22  gamma               91  2024     0     0     0     0     0      0.151     -0.204     12.085     12.087      0.000
  2363         22  gamma               91  2032     0     0     0     0     0     -0.012     -0.008      0.011      0.018      0.000
  2364         22  gamma               91  2032     0     0     0     0     0     -0.128      0.058      1.431      1.438      0.000
  2365         22  gamma               91  2037     0     0     0     0     0      0.127     -0.179      0.233      0.320      0.000
  2366         22  gamma               91  2037     0     0     0     0     0      0.062     -0.108      0.017      0.126      0.000
  2367        -13  mu+                 91  2060     0     0     0     0     0      2.667     -3.700     -0.349      4.575      0.106
  2368         14  nu_mu               91  2060     0     0     0     0     0      2.864     -4.069      0.047      4.976      0.000
  2369        311  (K0)               -91  2060     0  2473  2473     0     0      0.699     -1.603      0.375      1.856      0.498
  2370       -311  (Kbar0)            -91  2061     0  2474  2474     0     0      3.250     -3.686      0.086      4.940      0.498
  2371       -211  pi-                 91  2061     0     0     0     0     0      0.156     -0.084      0.028      0.228      0.140
  2372        211  pi+                 91  2063     0     0     0     0     0      1.929     -1.985     -0.346      2.793      0.140
  2373       -211  pi-                 91  2063     0     0     0     0     0      0.381     -0.464     -0.127      0.629      0.140
  2374        111  (pi0)              -91  2063     0  2475  2476     0     0      4.032     -4.592     -0.350      6.122      0.135
  2375        111  (pi0)              -91  2071     0  2477  2478     0     0     -1.722     -0.314     80.984     81.003      0.135
  2376        111  (pi0)              -91  2071     0  2479  2480     0     0     -2.107     -0.458     94.822     94.846      0.135
  2377        111  (pi0)              -91  2071     0  2481  2482     0     0     -2.658     -0.380    131.278    131.305      0.135
  2378         22  gamma               91  2073     0     0     0     0     0     -0.163      0.039      7.105      7.107      0.000
  2379         22  gamma               91  2073     0     0     0     0     0     -0.196     -0.087     12.356     12.358      0.000
  2380         22  gamma               91  2083     0     0     0     0     0     -0.009      0.091      0.185      0.207      0.000
  2381         22  gamma               91  2083     0     0     0     0     0      0.048     -0.030      0.059      0.082      0.000
  2382         22  gamma               91  2090     0     0     0     0     0     -0.008      0.021      0.085      0.088      0.000
  2383         22  gamma               91  2090     0     0     0     0     0      0.177     -0.034      0.186      0.259      0.000
  2384         22  gamma               91  2095     0     0     0     0     0     -0.165      0.153     46.953     46.953      0.000
  2385         22  gamma               91  2095     0     0     0     0     0     -0.010      0.005      0.270      0.270      0.000
  2386         22  gamma               91  2096     0     0     0     0     0     -0.025      0.027      4.313      4.313      0.000
  2387         22  gamma               91  2096     0     0     0     0     0      0.081      0.105     58.267     58.267      0.000
  2388         22  gamma               91  2097     0     0     0     0     0      0.016      0.002     11.924     11.924      0.000
  2389         22  gamma               91  2097     0     0     0     0     0     -0.004      0.204     27.017     27.017      0.000
  2390         22  gamma               91  2100     0     0     0     0     0     -0.032      0.019      0.729      0.730      0.000
  2391         22  gamma               91  2100     0     0     0     0     0      0.000      0.017      9.829      9.829      0.000
  2392      -2112  nbar0               91  2103     0     0     0     0     0     -0.386     -0.000     76.272     76.279      0.940
  2393        111  (pi0)              -91  2103     0  2483  2484     0     0     -0.139     -0.008     24.791     24.791      0.135
  2394         22  gamma               91  2104     0     0     0     0     0      0.030      0.135     17.509     17.510      0.000
  2395         22  gamma               91  2104     0     0     0     0     0     -0.017     -0.024      1.734      1.734      0.000
  2396         22  gamma               91  2109     0     0     0     0     0      0.139      0.079     -0.133      0.208      0.000
  2397         22  gamma               91  2109     0     0     0     0     0      0.012     -0.034      0.005      0.036      0.000
  2398         22  gamma               91  2117     0     0     0     0     0      0.047      0.151     -0.035      0.162      0.000
  2399         22  gamma               91  2117     0     0     0     0     0      0.041     -0.007     -0.062      0.075      0.000
  2400         22  gamma               91  2120     0     0     0     0     0      0.183     -0.139     -0.223      0.321      0.000
  2401         22  gamma               91  2120     0     0     0     0     0      0.015     -0.021      0.020      0.032      0.000
  2402         22  gamma               91  2123     0     0     0     0     0     -0.018     -0.021     -0.057      0.063      0.000
  2403         22  gamma               91  2123     0     0     0     0     0      0.101     -0.165     -0.028      0.196      0.000
  2404         22  gamma               91  2124     0     0     0     0     0     -0.068     -0.056     -3.140      3.141      0.000
  2405         22  gamma               91  2124     0     0     0     0     0      0.053     -0.129     -3.813      3.816      0.000
  2406         22  gamma               91  2125     0     0     0     0     0     -0.054      0.050     -2.545      2.546      0.000
  2407         22  gamma               91  2125     0     0     0     0     0      0.067      0.001     -1.393      1.394      0.000
  2408         22  gamma               91  2126     0     0     0     0     0      0.037      0.016     -2.961      2.961      0.000
  2409         22  gamma               91  2126     0     0     0     0     0      0.091     -0.180     -8.078      8.081      0.000
  2410         22  gamma               91  2129     0     0     0     0     0      0.762     -0.300   -109.221    109.224      0.000
  2411         22  gamma               91  2129     0     0     0     0     0      0.056      0.014     -7.162      7.162      0.000
  2412         22  gamma               91  2130     0     0     0     0     0      0.327      0.041    -41.204     41.206      0.000
  2413         22  gamma               91  2130     0     0     0     0     0      0.087     -0.022    -22.187     22.188      0.000
  2414         22  gamma               91  2131     0     0     0     0     0      0.651     -0.273   -101.275    101.277      0.000
  2415         22  gamma               91  2131     0     0     0     0     0      0.207     -0.037    -23.004     23.005      0.000
  2416         22  gamma               91  2146     0     0     0     0     0      0.514     -0.606      0.206      0.821      0.000
  2417         22  gamma               91  2146     0     0     0     0     0      0.078     -0.148      0.097      0.193      0.000
  2418         22  gamma               91  2147     0     0     0     0     0      0.249     -0.237      0.057      0.349      0.000
  2419         22  gamma               91  2147     0     0     0     0     0      0.302     -0.289      0.227      0.476      0.000
  2420         22  gamma               91  2148     0     0     0     0     0      0.277     -0.193      0.120      0.359      0.000
  2421         22  gamma               91  2148     0     0     0     0     0      0.332     -0.266      0.320      0.532      0.000
  2422         22  gamma               91  2153     0     0     0     0     0      0.127      0.021      0.217      0.253      0.000
  2423         22  gamma               91  2153     0     0     0     0     0      0.204      0.010      0.104      0.230      0.000
  2424         22  gamma               91  2154     0     0     0     0     0      0.025      0.022      0.403      0.405      0.000
  2425         22  gamma               91  2154     0     0     0     0     0      0.180      0.168      0.734      0.774      0.000
  2426         22  gamma               91  2155     0     0     0     0     0      0.045      0.030      0.117      0.129      0.000
  2427         22  gamma               91  2155     0     0     0     0     0     -0.044      0.280      0.760      0.811      0.000
  2428         22  gamma               91  2156     0     0     0     0     0      0.139      0.227      0.975      1.010      0.000
  2429         22  gamma               91  2156     0     0     0     0     0      0.080      0.006      0.335      0.344      0.000
  2430         22  gamma               91  2163     0     0     0     0     0     -0.079      0.322     11.949     11.954      0.000
  2431         22  gamma               91  2163     0     0     0     0     0      0.002     -0.013      0.278      0.278      0.000
  2432         22  gamma               91  2210     0     0     0     0     0     -0.058     -0.111      0.176      0.216      0.000
  2433         22  gamma               91  2210     0     0     0     0     0     -0.343     -0.186      0.442      0.590      0.000
  2434         22  gamma               91  2211     0     0     0     0     0     -0.164     -0.262      0.331      0.453      0.000
  2435         22  gamma               91  2211     0     0     0     0     0     -0.430     -0.958      1.444      1.786      0.000
  2436         22  gamma               91  2216     0     0     0     0     0     -0.084     -0.034     -0.234      0.251      0.000
  2437         22  gamma               91  2216     0     0     0     0     0      0.028      0.048     -0.165      0.174      0.000
  2438         22  gamma               91  2217     0     0     0     0     0     -0.178      0.226     -1.104      1.141      0.000
  2439         22  gamma               91  2217     0     0     0     0     0     -0.205      0.574     -2.321      2.400      0.000
  2440         22  gamma               91  2256     0     0     0     0     0     -0.224     -0.036      1.748      1.762      0.000
  2441         22  gamma               91  2256     0     0     0     0     0     -0.006     -0.048      0.605      0.606      0.000
  2442         22  gamma               91  2257     0     0     0     0     0      0.007     -0.027      0.449      0.450      0.000
  2443         22  gamma               91  2257     0     0     0     0     0     -0.043      0.117      5.660      5.661      0.000
  2444         22  gamma               91  2306     0     0     0     0     0      0.041      0.008     -0.261      0.265      0.000
  2445         22  gamma               91  2306     0     0     0     0     0     -0.063     -0.015     -0.079      0.102      0.000
  2446         22  gamma               91  2307     0     0     0     0     0      0.348      0.054     -1.063      1.120      0.000
  2447         22  gamma               91  2307     0     0     0     0     0      0.270      0.140     -0.698      0.761      0.000
  2448         22  gamma               91  2324     0     0     0     0     0     -0.142      0.360     -2.857      2.883      0.000
  2449         22  gamma               91  2324     0     0     0     0     0      0.010      0.021     -0.055      0.060      0.000
  2450         22  gamma               91  2325     0     0     0     0     0     -0.276      0.060     -1.517      1.544      0.000
  2451         22  gamma               91  2325     0     0     0     0     0     -0.321      0.212     -2.472      2.502      0.000
  2452         22  gamma               91  2326     0     0     0     0     0      0.089     -0.091      0.491      0.507      0.000
  2453         22  gamma               91  2326     0     0     0     0     0     -0.024     -0.043      0.614      0.616      0.000
  2454         22  gamma               91  2327     0     0     0     0     0      0.295     -0.347      8.386      8.398      0.000
  2455         22  gamma               91  2327     0     0     0     0     0     -0.013     -0.026      0.362      0.363      0.000
  2456        221  (eta)              -91  2330     0  2485  2487     0     0     -0.707      1.205      0.442      1.565      0.548
  2457        111  (pi0)              -91  2330     0  2488  2489     0     0     -0.308      0.595     -0.253      0.729      0.135
  2458        211  pi+                 91  2331     0     0     0     0     0     -0.229      1.335     -1.102      1.751      0.140
  2459       -211  pi-                 91  2331     0     0     0     0     0     -0.198      0.375      0.045      0.449      0.140
  2460         22  gamma               91  2332     0     0     0     0     0      0.353      4.169     -1.095      4.325      0.000
  2461         22  gamma               91  2332     0     0     0     0     0      0.686      6.524     -1.609      6.754      0.000
  2462         22  gamma               91  2341     0     0     0     0     0      0.048      0.058      0.054      0.093      0.000
  2463         22  gamma               91  2341     0     0     0     0     0     -0.024     -0.027      0.154      0.159      0.000
  2464         22  gamma               91  2342     0     0     0     0     0     -0.014      0.110      0.088      0.142      0.000
  2465         22  gamma               91  2342     0     0     0     0     0      0.182      0.283      0.201      0.392      0.000
  2466         22  gamma               91  2343     0     0     0     0     0      0.003      0.031      0.126      0.130      0.000
  2467         22  gamma               91  2343     0     0     0     0     0      0.151      0.210      0.229      0.346      0.000
  2468        130  K_L0                91  2356  2356     0     0     0     0     -2.719     -1.955    -13.946     14.351      0.498
  2469         22  gamma               91  2359     0     0     0     0     0     -0.164     -0.090     -0.755      0.778      0.000
  2470         22  gamma               91  2359     0     0     0     0     0     -1.229     -0.871     -4.791      5.022      0.000
  2471         22  gamma               91  2360     0     0     0     0     0     -0.127     -0.113     -0.699      0.719      0.000
  2472         22  gamma               91  2360     0     0     0     0     0     -2.704     -1.812    -11.826     12.266      0.000
  2473        310  (K_S0)             -91  2369  2369  2490  2491     0     0      0.699     -1.603      0.375      1.856      0.498
  2474        310  (K_S0)             -91  2370  2370  2492  2493     0     0      3.250     -3.686      0.086      4.940      0.498
  2475         22  gamma               91  2374     0     0     0     0     0      2.773     -3.222     -0.289      4.260      0.000
  2476         22  gamma               91  2374     0     0     0     0     0      1.259     -1.370     -0.061      1.862      0.000
  2477         22  gamma               91  2375     0     0     0     0     0     -1.415     -0.205     66.223     66.238      0.000
  2478         22  gamma               91  2375     0     0     0     0     0     -0.308     -0.109     14.761     14.765      0.000
  2479         22  gamma               91  2376     0     0     0     0     0     -1.284     -0.262     60.399     60.413      0.000
  2480         22  gamma               91  2376     0     0     0     0     0     -0.822     -0.196     34.422     34.433      0.000
  2481         22  gamma               91  2377     0     0     0     0     0     -2.615     -0.391    129.147    129.174      0.000
  2482         22  gamma               91  2377     0     0     0     0     0     -0.044      0.011      2.131      2.131      0.000
  2483         22  gamma               91  2393     0     0     0     0     0     -0.112     -0.041     22.764     22.765      0.000
  2484         22  gamma               91  2393     0     0     0     0     0     -0.027      0.033      2.026      2.027      0.000
  2485        211  pi+                 91  2456     0     0     0     0     0     -0.323      0.639      0.263      0.776      0.140
  2486       -211  pi-                 91  2456     0     0     0     0     0     -0.244      0.254     -0.002      0.379      0.140
  2487        111  (pi0)              -91  2456     0  2494  2495     0     0     -0.140      0.312      0.182      0.410      0.135
  2488         22  gamma               91  2457     0     0     0     0     0     -0.133      0.129     -0.077      0.201      0.000
  2489         22  gamma               91  2457     0     0     0     0     0     -0.175      0.466     -0.176      0.528      0.000
  2490        211  pi+                 91  2473     0     0     0     0     0      0.693     -1.250      0.336      1.474      0.140
  2491       -211  pi-                 91  2473     0     0     0     0     0      0.006     -0.353      0.040      0.382      0.140
  2492        111  (pi0)              -91  2474     0  2496  2497     0     0      2.642     -3.171      0.026      4.130      0.135
  2493        111  (pi0)              -91  2474     0  2498  2499     0     0      0.608     -0.515      0.060      0.810      0.135
  2494         22  gamma               91  2487     0     0     0     0     0     -0.165      0.289      0.158      0.368      0.000
  2495         22  gamma               91  2487     0     0     0     0     0      0.025      0.023      0.024      0.042      0.000
  2496         22  gamma               91  2492     0     0     0     0     0      2.634     -3.169      0.030      4.121      0.000
  2497         22  gamma               91  2492     0     0     0     0     0      0.008     -0.003     -0.004      0.009      0.000
  2498         22  gamma               91  2493     0     0     0     0     0      0.019     -0.028     -0.024      0.042      0.000
  2499         22  gamma               91  2493     0     0     0     0     0      0.589     -0.487      0.084      0.768      0.000
                                   Charge sum:  2.000           Momentum sum:      0.000     -0.000      0.000  13000.000  13000.000

 --------  End PYTHIA Event Listing  -----------------------------------------------------------------------------------------------

 Pythia::next(): 1000 events have been generated 
 PYTHIA Warning in HadronWidths::pickMasses: angular momentum and running widths not used

 Pythia::next(): 2000 events have been generated 

 Pythia::next(): 3000 events have been generated 
 PYTHIA Warning in SimpleSpaceShower::pT2nextQCD: small daughter PDF

 Pythia::next(): 4000 events have been generated 

 Pythia::next(): 5000 events have been generated 

 Pythia::next(): 6000 events have been generated 

 Pythia::next(): 7000 events have been generated 
 PYTHIA Error in SimpleSpaceShower::pT2nearThreshold: stuck in loop

 Pythia::next(): 8000 events have been generated 
 PYTHIA Warning in Pythia::check: energy-momentum not quite conserved

 Pythia::next(): 9000 events have been generated 

 *-------  PYTHIA Event and Cross Section Statistics  -------------------------------------------------------------*
 |                                                                                                                 |
 | Subprocess                                    Code |            Number of events       |      sigma +- delta    |
 |                                                    |       Tried   Selected   Accepted |     (estimated) (mb)   |
 |                                                    |                                   |                        |
 |-----------------------------------------------------------------------------------------------------------------|
 |                                                    |                                   |                        |
 | g g -> t tbar                                  601 |      149042       8726       8726 |   4.429e-07  2.417e-09 |
 | q qbar -> t tbar                               602 |       18844       1274       1274 |   6.480e-08  9.433e-10 |
 |                                                    |                                   |                        |
 | sum                                                |      167886      10000      10000 |   5.077e-07  2.594e-09 |
 |                                                                                                                 |
 *-------  End PYTHIA Event and Cross Section Statistics ----------------------------------------------------------*

 *-------  PYTHIA Error and Warning Messages Statistics  ----------------------------------------------------------* 
 |                                                                                                                 | 
 |  times   message                                                                                                | 
 |                                                                                                                 | 
 |     15   Error in SimpleSpaceShower::pT2nearThreshold: stuck in loop                                            | 
 |      2   Warning in HadronWidths::pickMasses: angular momentum and running widths not used                      | 
 |      1   Warning in Pythia::check: energy-momentum not quite conserved                                          | 
 |      4   Warning in SimpleSpaceShower::pT2nextQCD: small daughter PDF                                           | 
 |                                                                                                                 | 
 *-------  End PYTHIA Error and Warning Messages Statistics  ------------------------------------------------------* 
Sigma :	5.077e+02 +- 2.594e+00 pb
